PC1,PC2,PC3,PC4,PC5
1.416488011841255,-0.09360322865530422,0.8910739536214815,1.1992734400288136,0.5997926636581292
2.688983829334464,0.740524948259188,0.743037956811969,-0.5729661255186107,-0.30041669376938696
1.5846654172974486,-0.3674487110187374,-0.9413127016129773,1.408388157113508,0.907383029494568
-0.7148454339583433,0.7526364997872663,0.8873359378243242,3.613963753945901,-0.6247179945917412
-1.3614532683287242,-0.4619838921517042,0.798594399920586,1.3999578687122571,-0.23555361945931697
-0.9586794620964804,0.2924363385838707,0.22144763396634937,0.6346116736404088,1.3054601559819363
1.7924019070475437,0.8165038928384887,0.6594628480088807,2.5951142976727937,0.572817904373171
-0.27068943174715443,2.913918221942038,-0.3817928876911459,-0.059748262817520444,0.794844514394875
0.7236344520208701,0.39173856210017544,0.008123026590432202,0.4346052444489734,0.8846506603672261
0.8362203726329415,-0.7082496559960417,0.8178042071193056,2.387582637858945,-0.04249061900353363
-0.1402247137029686,-1.0290682287716388,0.8376576587114387,-0.36015975164023584,0.5150466637900513
0.5065483728510557,1.3997995937842378,0.6301268596079391,0.3697726786940376,0.17258422488745315
-0.012051300958310269,0.42715709570079025,-0.0017731230680153591,-0.2523713238630529,0.30693183899989457
-1.9244185110572487,0.9330730983077071,0.18223377983112352,0.0032829205898324784,0.25938052451584415
-0.8989758449377795,-0.7097871016001518,0.6314802102879099,0.14961234540014007,0.5565201945350646
0.10348594099645118,-1.3743340822564871,1.9038685887777063,1.0969393512428918,0.7950426686881993
-1.4535062478650447,0.08141209939332478,-0.46783784332281625,0.9963214304997093,0.6150915305889034
-0.0077564906865467305,0.18546110524169473,0.9337727849175772,0.5429023907622011,0.31158973732956335
-0.5931361597327536,0.879846060776879,-0.0317020656908099,-0.5431427775249783,-0.4033097576892878
-1.0019131170684203,0.9504467820616114,0.6109107405728,0.30583237553223724,0.34697267483160554
0.3784268371556013,-0.6258507573971405,-1.069181307564389,1.0939812296749614,1.3302674979429747
0.5235267991104836,1.206294184619698,1.3932921452831533,0.07085138833146332,0.4104692895590359
0.19384261373308723,1.2389909731364563,-0.3417317505136443,1.176026888766233,0.8237623231142329
0.717268190358778,-0.06817454866614095,0.6503872176046025,2.6886748003645415,0.8438448480287093
1.1517920183447459,-0.8588965297629052,-0.2123396739326056,1.3434614088490109,0.2980514210795414
-0.6101309129620351,-0.26469137511787644,-0.14738159804781165,1.2770069427335602,0.31563811974771183
-0.7324536101015612,2.6668021458825666,-0.13389696510958363,-0.49256717046393045,1.1870685323380135
2.576799185200265,-0.6002100836839124,0.41235006507102984,0.8453820131378044,-0.06022710091472839
-0.49789505183791694,0.5043558656249723,1.7436572340070935,1.0932880660011128,-0.5908669325025536
-0.6181278098136738,-1.8263607923055236,-1.410083981844799,1.4756539536677131,-1.1967648515369995
1.4271874941978249,0.039167642441136435,0.6100267878380826,0.6515582195630502,1.2556556650550725
-0.14631419013238814,-0.026417891548480347,-0.35730570478193574,0.9060350094219917,1.2290256554227486
0.4243607784481496,2.378019793263177,0.6483520503719143,-1.067859211371401,1.0043313616979694
-0.19921535073289495,0.0663155342113693,0.6999800240393624,-0.14943240369244817,0.9396909227410721
-1.6983894716873462,0.27249157641792177,0.9052906355507063,0.41592769926376116,0.22286227473330047
-1.7729417923012094,0.09976599898920667,1.4888639982320746,-0.04517981679112471,-0.0799852895212008
-0.007213630171555314,-1.5645845261554896,-0.8168187529259383,1.828750773971734,-1.1009163093748275
1.2336123941581636,0.5998339320101768,0.42593835367666216,-1.0064760241565816,-0.6940730830290569
0.818894831136314,2.6039597536706904,-0.3737737677867109,-0.04272798630252773,-0.34917915688555384
1.0700678585642323,0.033960668202822855,0.9669944772498827,-0.27354464473148576,0.20629581873402505
1.7197150852821168,-0.6101012018526398,0.5178037130575364,-0.6595268010648906,0.07307006759792158
-1.3069956865649752,-0.5315174464562941,1.4883467896969778,1.3971326690763688,-0.3619257880666763
1.3832080485830789,1.5897688996871477,1.8374899693765894,-0.9572727822629298,1.3124781754999462
0.7282579413694327,-0.5064745258513722,1.4312313639932488,0.7060377317271266,0.4776852476226968
-0.2607049368488941,2.3829770033334965,0.35781281128976955,-0.7049969279365931,1.201638574005004
0.04091324073502065,0.025652166973725923,-0.5815966113961164,2.137111056571166,1.1240212143255077
-0.755993412714816,-1.5956434469282603,-1.2406971568046845,0.0075087836789550725,0.06104653522510352
1.3353527495945337,-0.010861897063548932,0.7650553705090621,1.3680575495722567,-1.0977332296202882
0.5586564064142041,0.11788615898240384,0.8196085187134,-0.12778713071628345,1.193781334947768
-0.3190623804511507,-0.8537282437424287,0.3381711907792803,0.6648478539976175,0.3471895908861666
-2.634028192267995,-0.6033909309070578,-0.5532585191120352,0.3265000338173244,0.34874141141056236
-0.03484632576624865,-1.4634074151863896,-0.43821445696659495,-0.37373904156645255,1.4049927806695026
-1.6336056930954472,1.3932438772926037,-0.7320612594904182,-0.2503469524500529,-0.09364118998971481
-2.125428663109752,0.02833280142814358,1.1481899396984352,0.19647069580456422,0.5071970812829015
0.5879399222548524,0.35378406381911237,-0.029314986819726475,0.459448369157053,0.5774119917002822
1.1896108163612793,0.36977027755541986,-1.1089299014467149,0.8900397458553363,-0.7011767895769301
-0.6410333286064707,0.09213983847142598,1.0740956013869905,0.11543788084126888,0.14608479662961468
-2.400097744295708,-1.3065301798985232,-0.4157068008503841,0.17550672091588282,0.0997853149790472
-0.4555784521580126,0.928688794010126,-0.09621516208283745,-0.13264510837613205,0.428576225516962
0.11931802693510606,-0.7097782730447533,-0.5237509333507206,0.5313450751545913,-0.3776517045001198
0.1401532674475803,1.5900596621566867,-0.1287476726469135,0.32364756434334907,-0.3000819558754973
-0.5922444662902354,-1.234573968292693,1.2466803399666189,1.024076909555723,-0.2509370023664944
0.9298177774071646,-0.6224926111233418,-0.3419966603035842,1.1847043036539802,0.15306908338431477
-0.6937813709666235,1.8075668898084525,0.7678831597744799,-0.5394197163289304,0.6236938600064199
0.33263285720727165,-1.4092325184519172,-0.9983438125846138,0.40625203899097845,-0.24018408629381516
1.8067302472348976,0.989749426369543,0.5935027973789189,1.5180856499202247,-0.006183644800414508
1.1699973800208654,-1.1574561311176366,0.8211402659750865,2.176463980241675,0.5846300492703046
0.32079809719026947,0.05370740184374791,1.577377116708887,0.8899832138584608,0.19658583594532625
2.8766240454210497,1.9746169722872722,1.7806478436603506,1.677045688515001,-0.7904983553971339
1.151154157231929,-0.1100873241067788,1.1501293285064051,2.7176537224645303,-1.1107615328993312
1.229345940122325,0.7200888669247856,1.3817470322616376,-0.5118627339203038,0.6405720479959702
-0.05953348974017122,0.5313370514883546,0.10332686343783495,-0.5047055709433289,1.8134298840937515
1.6044745708879846,0.27688455314925103,-1.56589032908607,0.23098761923577105,-0.14295399914123147
-0.2959235650316381,0.36801078071384136,-0.8148004426103802,0.04804870421898926,1.785871503171156
-2.4971206318457195,-0.5636207227014588,-0.11474594547968256,0.33200040903388517,0.6978528716098149
1.6243208015316448,2.869583954046394,1.4827670283995131,-0.7313347625500967,0.38790983139687557
1.2285420531368507,0.4408789736763393,-0.461029275361714,1.8045801316226906,0.40808715494336717
0.5549299659416974,1.6477981572509377,0.39351168961377875,0.47974217422560533,-0.5357851433904881
-1.5180555603033046,0.5467336914356995,0.8787949999749226,0.12406676603604316,0.5671743460246156
1.3946543096807917,0.44525165642618764,0.4020597453423709,-0.8388809693763218,-0.646333496434778
-0.48885914605735203,-0.5822617926485034,-1.2480447940130848,2.8023765148312125,-0.16682274452015067
-0.29384292995101396,0.6367613544935493,0.030944067575397655,-0.3799993652649237,0.09154061280821889
-1.7034154697528439,2.369489766366939,1.3469216931126866,-0.13025488171046418,-0.4704518846789967
1.1757842205244278,0.863647725481807,0.01699585017949816,0.5040106783861866,1.2654114454920906
-1.0714238945383507,2.3396511368728867,-0.06538296752102976,-0.13501801464622426,0.7092819330562529
-1.6525533609181968,0.3199286928854559,1.4924001070681876,-0.08018761584006173,0.10432727662956649
-0.9544920944260552,0.6084672882925549,0.8174544993625749,-0.5223635356549077,-0.19288912176633463
-0.1567089742119809,-0.7327367088952879,-0.5004137051188187,-1.0415852354781452,-0.3118842804718769
-0.7330164441924775,0.0818273200787541,0.9159457472123654,-0.5460201966713532,0.43938948678787093
-0.5207461666976624,0.511276079034774,0.18145385905639,-0.13439235900706253,0.06645744317221015
0.25875521418648684,1.5541945203185779,-0.542954321639749,-0.5114301964979713,1.4192198426419818
0.8710343436489689,-1.7553134599913853,1.8828608425233408,-0.27452685890819895,0.48892647782671395
0.7943876088162204,-0.15327236210090317,0.029939835201493015,0.8753884564717099,0.784983755764011
-2.4134773350666023,-1.8924282935379768,-0.15698891140586385,1.0249452553406362,0.7500945566178011
-0.34468560921107044,0.5724618186005053,0.8793024632025404,-0.5947838231040192,1.5277127847323018
-0.9974689366556843,0.5966417240355916,0.34132570505915644,-0.4316403287279566,0.5167321048385843
-0.09706316450855869,0.03505866068085148,-1.1109037625584899,0.5401862931114164,0.8903584949674631
1.4508665844430275,0.559170526934155,1.246055708247801,1.5378449452482694,0.3131916605734998
-0.583247466786218,-0.704079150486279,0.6999895960254423,0.3341788378650619,0.36483168565606944
-2.0237028337682954,0.07252526273795433,0.6335042095507802,0.17094454817086946,0.9323556660288198
-2.238386310384083,0.9719426600022779,0.15289507404683264,0.22557789159134856,0.7048252039547022
-2.9260774272252843,-0.9085688747993913,0.371097077613699,0.444001444841469,-0.29529801108672293
-0.46540621027390794,1.680424546832798,0.1423292453424521,-0.678180174693849,0.7616588017418452
0.41092658653068753,0.4926908557026255,-1.4336173309772193,-1.1065630772278934,1.6994477383848392
-0.20934072337723122,-1.158496523403225,-0.4708714388794651,1.4717300080516587,-0.1579814093648102
-1.0878978158721626,1.8274626012401942,-1.0090065495539402,-0.42080685180384286,0.8142509644361503
-0.5425802055669786,-1.259941124441858,1.1707788707438298,-0.5485283560597013,1.0739174435349563
-0.3543793647033482,-0.13313505782313045,0.12565224629288807,-0.2639364112227568,0.6939435240554278
1.5864014375108264,0.4751780261572388,-0.8154091069481786,2.589968183782147,0.4508246082072537
-1.2035656806679744,-0.3765420866245515,-0.5219809680910598,0.8998784641148037,-0.8822576185564724
0.9925286998690603,1.6166751867621,0.7114296148727716,-0.22131757604610452,0.3398424802348949
0.09103760180429255,0.2832608523390119,-0.25306124685049625,0.4279315214854734,0.38259185665972223
-2.0792295220799932,-0.7455780915724483,0.560214094817104,0.27006210908050565,1.509318804364199
0.8167037519119206,2.39830074633372,-0.2856198814753311,2.0292970787502407,-1.4472590001719994
1.5898677302751503,0.1582383968420647,-1.0123487108165987,-0.4869730309978959,-0.2858020582551844
-1.13064045732331,-0.8418985608487435,0.3459975518387934,-0.5841403630054626,-1.016450029640724
-0.5442446705853897,-0.4338309209963742,1.151343516410337,-0.55762854537856,0.9744668519044666
-1.815201100108033,-0.8469381197568194,1.5361427897569666,1.6269509852326158,-0.6041786620522901
1.492907181249072,2.0317438292560572,-0.5161176121785191,0.42890344354333804,0.3164824464074864
2.0690143741890252,0.19026281708783715,-0.2223123814250948,1.373283897177669,0.3300551296286713
-0.979302530345385,0.5355708212814551,0.2527166402009463,-0.5310598805183138,-0.08945363285220391
0.7693545068332223,0.08826055918547072,1.3177836948474735,-0.2070704186579648,0.7707680331572614
-0.945736876427633,-0.30979234735953465,-1.5389069060682115,0.8940575737943467,0.49169172441414283
0.7793322270892359,-0.7712885473128985,0.008548338829757418,-0.4866665729876837,-0.5775775162997615
0.6187412738410051,1.272280692767775,0.9093328043803092,0.6246758649428684,1.4180979246346044
-1.4524159724941414,0.254636625195428,0.8024383522053032,0.5240670136830304,0.18776321094883272
0.4254069453922219,1.0922128507488542,-0.2354911914642191,-0.23009174819894157,-0.017244096410874772
0.6915370518549534,-0.09742545255401067,-1.4970665417903197,1.9460300741663517,-0.07856943474067941
-2.0190393966206757,-0.09935774758403977,0.2317955054439685,0.05450147569014618,0.29962115190026994
-0.6652478567773322,-0.4980301131706856,0.21115019616552597,-0.47287742364752056,1.5627581365259393
-0.5871161815389627,0.5389295095889541,-0.42726813765119664,-0.2062880239728561,0.46368206082981767
-1.892752853524036,-0.08062590682936467,-1.585022952091251,-0.028400369100425208,0.9922132607498452
-3.4178227729055277,-0.13470806911288816,1.5761679023687598,0.7677807887358307,-0.37017407541079306
-1.2310132100341216,0.9529057829698182,1.4985891424219653,-0.20519451967606706,0.7410907948805664
-1.858601249932576,-0.3071383303583656,0.2527529274311138,0.18528642295994469,0.06191092721559641
0.04648683367584939,0.451690089406365,0.6328689133039258,0.7641818943031831,0.4554862197076551
2.2986990970425327,-1.7284839532601328,0.46767981475584436,1.0948930362306677,0.7280587896317098
1.37764182553298,0.6425296543780247,-1.4966020474940207,-0.1237158880091026,-0.036889507292177874
-1.0869519873764706,-0.945398698724716,-0.5576814522352231,1.246139205170475,-1.4654692445010362
-0.08950184652668648,0.4010128530799522,0.167429147536938,2.0171430502875594,0.30758920903693643
-0.42443685795959935,-0.2131120549696987,1.0983201974772527,-0.6166141767347103,1.0093460467646327
0.7824130394495393,1.2754990536372464,2.4563191829323325,-1.0190586187111752,0.14295602288656867
-1.6354438970529421,-0.36586283025063576,0.9373646174319242,0.01607089903914005,1.142802610706342
1.373408857568531,1.5329122319389734,-0.7634246890744697,0.5005420252598234,0.5219362760428431
-0.8206712576912651,0.17922811378320322,-1.1005854492559968,0.22452657090649103,1.2428032951487058
-1.6929427674619844,0.2771288546025438,-0.871714785126047,-0.1779529522678558,0.31968923605695665
1.6224516864949268,0.9933104732728455,1.434387909056878,-0.663094611473186,-0.7994898912661473
-2.4873621159828736,0.7039092611289436,-0.07978071081756369,0.28578173301645193,0.32932830908700605
-1.434287376039113,1.9457086403211445,0.43694433133831584,-0.2616921167387729,0.013541085181284017
-0.9050889117863213,2.0554769846443706,-1.321548805723146,-0.44088768205157014,1.4808774142963532
0.024578835818245475,1.7222660740711084,1.8194950192972634,0.571653981565244,0.17103587188470867
-1.1933344791217972,0.5455309370380061,-1.8678382552252513,0.09262404538752583,-0.7638186846709186
0.3816395259764529,0.1585412246054703,-0.5512177628490154,0.9464706188715907,1.787344859136246
0.8492857099778128,1.1967479953320737,1.6132298511084167,-0.4401300150036564,-0.38217503959757404
1.9141703701303923,-0.25171340848896373,-1.6108374132835928,0.5714453223138556,-0.04718973978593686
2.666435299328067,1.6056185272644008,-1.0479453067993971,0.5276901850887892,0.32315861099874554
-0.04591782443199335,1.7152975576047784,1.0407681818044863,1.049513172832583,0.15105133678149008
-0.728180567448243,1.7171630676420684,0.22258082209804939,-0.48068766364698373,1.169397288155894
0.37064148621176496,1.513234358165804,0.9562769536539896,0.43672999272816293,0.8855413611122883
0.5417900288115776,0.9599792382897355,-0.6382167550043586,0.09781016075686882,1.6016192115849393
-2.180999643447822,-0.7509704314339559,-1.0487332477095637,0.0914881206581194,0.5710063482650094
0.680918560298564,1.6514025270533708,-0.10344815089690165,-1.0431684836430988,2.5086487420843975
-0.6281897461690626,-0.38746330051397826,-0.710439467353016,1.3232987016592637,0.8419339496218154
-0.08473947679493471,0.08176189458882846,-2.069539723427382,0.18223370740187914,0.5645122563881234
-1.6347592226693621,0.7432042761486126,0.43467249162507765,-0.08809452310840371,0.5728561275433411
-0.8871427808316426,-0.48775676340215285,0.7912339363914994,-0.38340643032822375,1.1193812834732249
-1.0158666074771234,-0.0903951907557637,1.1341496912879498,-0.3675908420822226,0.5819253481280413
-0.6087827850982631,1.3377984985841844,0.42104042811053527,-0.6279918281694984,0.4790774962908734
-1.9394673861606662,1.2553665571228203,0.1795250938157489,-0.16252201247660947,-1.0045624134202844
-1.7375050170950597,-1.7854692909349392,-0.7097528116539594,-0.20459747183112165,-0.020308591021543594
3.4309443088790004,0.3583737551663466,0.7631686308818909,0.7948416569263971,-0.11267514132778557
0.3172812653394053,-0.5497621203403544,0.15970623397059522,-1.2959524329148395,-0.6879202225207129
-0.1396924249688816,0.26268873241351415,0.09778280631305597,-0.872774990866004,0.6537885065691448
0.5641404741584881,0.1279285893211098,0.8166052810127732,0.321133670256563,0.8966386779172582
1.6157709691720081,-0.7487506145102963,0.590176435575266,0.6730442501625058,0.3789923513358362
2.052050320518986,0.3317864271341971,0.016880448048824857,-0.8050474894976642,-1.331291448328867
-1.2600212208879769,-0.022851883132782906,-0.9885822078431555,-0.2444894987006469,0.6285178550985439
1.2582305517781764,-1.599783437333538,-0.5490623623625277,0.7737441909401569,-0.5616373244051799
-0.3888736151677843,2.0325158733412576,0.2660368717866112,1.4412414299086105,-0.6310654287882879
-1.1538059847568507,0.4877536622012213,0.7109772362393483,-0.28287305211236224,0.8449746220221909
-1.1404193377976968,1.1036936045989012,0.17292633861451653,0.21587750659905913,0.26295090464237153
0.5117027252786012,0.09209725744666708,0.3455375893035241,1.0952237386135275,0.27565014469127785
-1.1087655625600938,0.5074566682206633,1.8330059137635082,0.5804272433793729,-0.38121851021559083
0.3134888229158711,0.7667517027555609,0.03372643095431703,-0.08099462364250232,0.5335873522817819
0.4617124138235578,1.7008116554147652,1.8007245491971984,-1.0919274642963877,0.47897380565075187
-0.5609117073714885,-0.7028115189288726,1.44209220375234,-0.4280448185064751,1.7268419656347345
-2.158740552782161,0.5875176241890566,0.6342446245150354,1.1709761010288977,0.5064214756429395
1.5020172980283888,-0.07407552837604808,1.1866707841797572,-1.720121177481461,0.1780500287910959
-1.3738597347704884,1.5455723000642667,1.1022931910691027,-0.07505200618318786,1.3004709856659882
1.679401191316104,0.3438198672642179,0.4578483518437589,0.7362519441861052,1.0828609854228475
-1.3515387668335381,-0.7578049012579389,0.602425096681955,-0.23974434553316415,0.5241224552611216
0.5950980635174591,1.2380933393658156,0.051869622540885896,-0.41597938492115294,-0.8618618611128651
-1.0913927281128322,0.28015060840978795,0.2721163043991415,-0.43195000616171647,-0.6781735024863073
2.0719994415578,0.9513599123260533,-0.5126965338756836,0.1461602735474895,-0.40895074811724047
1.3202322999382787,-0.911824738841415,-1.1206709147281257,0.16947398182622803,0.872774604429432
0.5649575123975342,1.2646928574920269,-2.1965837968429835,-0.18204812415242305,1.2501195413275557
1.4809223310452502,-0.268807899328419,1.4141446100817292,-1.5033762922514515,0.6789802917464866
-0.979419400054966,0.08856622675659473,0.7921277897928329,-0.2989365534374035,-0.4179260060653114
-0.8468075616114181,0.35875378713142403,-0.10037779579259605,0.8023726346928037,0.407887659063919
1.0515572252803662,0.6310893800792077,1.2678228602183639,-1.5512374505142763,-0.3486165017518913
-1.5498699523337538,0.5827237053475661,-0.6690886107357815,-0.19111827736096998,0.6520825914689933
0.23381131961340199,2.1180043482730233,0.09104763758322001,-0.9907933066391263,1.114090197723273
-0.7182429718628716,-2.3572181951864732,2.075418408866691,-0.16290240135663053,1.0622349182293487
0.9423339015187048,1.6377961756058022,0.18476501801426612,-1.1943421014163658,0.48523167099780923
-2.1919092440315655,-0.375887644025676,-0.4689656927473927,0.08874812425563261,0.23211949830254527
-0.6139197404236807,1.7475209015620905,0.7340020893562416,-0.7745597546363481,-0.7558550796522299
1.4989278858145545,0.3693163669512852,-0.5208098148849337,1.8395302762469596,-0.08074818792305839
0.22834753397472565,-1.0179651998729107,0.6080587377509199,-0.11656448430274532,-0.6970425335549274
-0.609651954495639,0.6918997034398676,0.2899935961630544,-0.6264508458352668,0.5746724126734308
0.9961725849644453,0.2036189261684114,1.279006608769912,0.3334889542514302,0.6039246382427716
-2.484755986382101,-0.18737876721412336,0.2935790396756445,0.2209478534252195,-0.2576205600274576
-2.18487820589375,0.28548995614980727,0.43864860162478764,1.1481364542511232,-0.06545771398872692
-0.9497444446896794,-0.26760359878854845,0.6556225084281636,1.8927026257244972,-0.427221141784796
0.2876202675454737,-0.06543645599386186,0.49008186450902863,0.29653697562308773,1.6235286014571595
-1.476861295833412,0.020126026166721864,-0.4914550945892214,-0.19253728102556655,0.8580521040880108
-0.25139207130491936,-0.8632366242413122,-0.059158152561893565,1.5467381068279817,0.9155140192425538
-2.372378015998413,-0.44779133217465783,-0.5223278044570995,0.26084927403174285,0.828269804618693
-0.9890070412942064,0.24929106952235572,0.7791294521393123,-0.527792858989199,-0.32726789355861785
1.7579197736268657,1.3052506637438306,-0.6689475090220222,0.5110976854281218,0.21909267518659056
-0.65484325874499,1.1199060730125954,1.2260668278559552,-0.43871797826291703,1.317618270977684
-2.283203338443729,1.061911623647541,-0.26833713253095676,0.14336252899209756,0.13193548227782478
-1.4579674292807165,0.9442040762986519,-0.6774481769760372,-0.16664886729618578,1.1581985798941907
-3.25917842621349,-0.4611970481630185,-0.9210071467060388,0.666285639175681,0.6314964411418559
1.3378538634982806,0.6244756102629153,-1.4704471091259488,0.49290436697810247,-1.082716892670951
-0.026736963286970356,0.961255084797562,-0.8127266646297112,1.3789429911296511,1.6905670902849226
-2.838875346640121,-0.0962082275675196,0.6230364052037736,1.3148690639223592,-0.06341451770804415
-1.5018786487002012,-0.7205263219522755,-0.7412060731312953,-0.17753348291216742,0.13019354361185395
0.4360985081810504,1.1224157434047917,1.7185921678114493,-0.9497298508428855,1.4711274421135763
-0.4498746526966578,-1.0144113819501213,-1.6102928445088276,-0.9210016870507313,-0.019632740266962635
-0.038552498096130226,-0.7107240885700197,-1.1181703574586679,-0.7781758058761251,1.4158602876580346
-1.1146729364901258,-0.7201948253720275,1.0879752162845622,-0.18744180678407119,0.6728318625699125
2.0805077135775822,1.849579394161217,-0.8070271518795741,1.912166304315318,-0.8831954948633775
-0.7336220852720315,-2.178089910258177,-0.6725255186637102,0.2453698132822707,-0.1494229065823542
1.151229320176226,0.48114983474691925,-1.1118415222009632,-1.2467394038337438,1.5218155021442337
-0.28422154206752087,-0.6904315307520534,2.2602609393196627,-0.7240378747700652,0.2528254725739999
1.5641729385460716,0.8966065296664514,-1.1875837547517845,1.9289735032277135,-0.6922429065934642
1.3556865913982505,0.7022372188279451,-0.9238386734181725,0.07219170757850579,-0.7450540261374637
-0.8739868508775729,0.3322077908047184,-0.433163726328069,0.32957777417871936,-0.28373504891239876
-0.9982609510617296,0.9857476402833407,0.6702614616215267,-0.46021872567879624,0.1420046379802705
-1.718191203734931,1.5907556455972414,-0.10963751428790816,-0.184346219628723,-0.2226797038764319
-2.074204569764504,0.12168441549729782,-0.6792926038428332,-0.03721178969270645,-0.16464049415572077
-1.6090066528249407,1.8546900884210258,0.21817178400277779,-0.24625117223027304,-0.4223707744715586
-1.127761346795361,0.9522283350684648,0.4765485522079617,-0.39153305428557306,0.24420937897105008
1.258276720021689,-0.0969241738001511,0.18012556536612517,1.5913459381228514,0.4928532863741224
0.32851556392436915,-1.8123814088101942,-1.2762164781572434,-1.292063692941809,0.08651588964936736
1.97988860219891,-0.6921456965710654,-2.0449073240984763,-0.9885582434678583,-0.16852249992349852
-1.2567912173284357,0.06515293303943905,-1.2885178842461533,-0.1487910833925684,1.4618891015788347
-0.35571324932588305,0.7119184529929864,-1.5954123947924488,0.18400908800026766,-0.6729648307283574
-0.8747396467819863,-0.3485957979298121,0.3698313152703289,0.7591442709029893,0.6995989743160521
-0.10802953069375883,-0.7323289743133667,-0.03460204249102966,-0.8573057899533889,0.986816107926999
0.1054840887600919,-0.9907607202018586,-1.3424366204115548,0.7209796355945294,0.4314758705653039
1.817266691638373,-0.8273435605922634,0.12267885345875382,0.38489200935267653,-0.733283627395881
1.0137003338293167,0.2298459355740835,-0.9133759865561785,-1.3451588768602953,0.22221095965208137
-0.7467683062059541,1.505168911291215,-0.310138557800152,0.11610668342452518,0.32067755371100387
-1.5400319901348756,1.9427114207423322,-0.09689003632594159,1.2631663335623466,0.18962195836835147
-2.246266990069408,-0.32136206916715443,0.33503201083907713,0.16720514488488158,0.2295776760132003
-0.18928860874343104,-0.3625651255408235,-1.2909332135709892,-0.41261105536859455,1.7754325210242383
2.076306080272788,-1.282196066875982,-0.0003986956478589467,-0.5928137992905951,1.2560078840333457
1.193480497654327,0.09694569315922293,1.4096044421931113,-1.420053809750822,1.084372165474303
-0.21181540129099757,0.5391090580524839,-0.3527338231570575,-0.5126295131923092,0.50702500643596
-1.4246337468879255,0.22676336120053725,-0.37918131223807605,0.009625240050158074,-0.2158678634591877
0.0003101432255933446,1.9790085908007435,0.3902853706465292,-0.9375792393167749,0.49972860818738873
0.26831532734936964,0.27401222378995826,1.6787820570573868,0.15793885842617097,0.8891310799729927
-1.9775616876533235,0.03195629302169644,0.19604501772784108,0.026566780569320488,0.26298245473805515
2.0085549646124767,-1.8767927992563542,0.10765639446506281,2.3550070246755017,0.01482015571922201
0.38885762703719867,1.6983930689373348,-0.144279839352596,0.75125873922632,-1.621445555264563
-0.5875009267194142,-0.6466769443941156,0.3108675274849623,0.5638031122591906,0.4003021632533361
0.8899781021659271,-0.5507682521532732,-0.4027396391117125,1.2268441381881663,0.3328238910339345
-1.6642803377575026,0.05204073933480751,2.2290765347666777,-0.09899879459810335,-0.39595860799923355
-1.6360177202993773,-1.2167826283075527,0.4900304441516013,-0.22965299582660925,-0.39055853611279157
1.1090004760267138,-0.7934604422116783,0.47797501343701443,0.8050490295889439,0.38595065050272787
2.213558251332019,-0.3467046148141767,1.4609697395368852,0.7818860861341702,0.3109666405110718
0.8324010015787088,1.5391623216259296,-0.04440763709732676,0.5484508942328946,-1.4709005812725584
0.9347425077704095,-2.2761760563304794,-1.2233490580030013,0.5814492226706763,1.6257397334165975
-0.2044386264312406,-0.6268846983677138,0.7246524363837353,0.23077455061031799,1.0144733040168603
1.1602959943231699,-0.20979386862617508,2.472904182091603,-0.6713062367247777,0.5594072233520722
0.6207715781739519,0.9766210611720214,0.9877158185212934,-1.1484145575991234,1.0630365247766231
-1.519362519979873,-0.25962689139889517,0.8871857305956128,-0.32150373488805656,-0.8402010654916032
-0.15451303190005636,0.037441112687551036,1.851154385453278,-0.7701857562219129,0.5555967859962
0.12325413683699242,-1.0595395396678573,-0.08766998471960505,-0.3273612167357166,0.37433283311033244
0.9880323889874897,2.286548199623726,-1.4312650521890158,2.1072236149871566,0.274462202655012
-1.6320525517380287,0.7301124141805128,0.8568797130017503,-0.07726281989360695,0.47077322065854166
0.6196590354240833,-0.8751383366761205,-0.30108849670557275,1.069824935196466,-0.05929038491862363
-2.7238141429537666,-0.6831271507186639,0.5575805634016434,0.35006467324148616,-0.3139620184455407
-0.09657592805659033,-0.6777436356746667,1.5079953546035911,-0.7643365943804931,0.9999507316551053
0.09040021819969445,1.86629425842453,-1.1072758913539733,-0.029428037905708932,0.5422818857598461
2.034300996337857,-0.3255334830881585,2.20519664273792,1.4372327011716928,-0.41245241412484757
-0.279934590318869,-0.3984244342880003,-0.14454424241918745,-0.31693101869898155,0.7228062148496429
-0.8523703744219794,-0.19905830576988856,0.5510125426376803,-0.4406646788316639,0.9319151253277403
-1.1596961228311884,0.3097866423007633,0.07617511554865283,-0.2707859333408893,1.2048910678855862
1.0359349488877032,-0.5998406625852946,1.3905644461115416,-0.363576773028343,1.0439085503313386
0.10172525748958793,2.652232910253173,0.3455961681531495,0.4798488673249136,0.42145053446390507
-0.30229368337422613,-1.5418948964981012,-0.3333932630043918,2.4626997480015733,-0.5147864444792193
0.525591376750603,-1.2093030608458615,0.7005154940291485,-0.11426320753777922,0.8688669907165484
-0.10622640147343355,-1.0253492774964104,-0.31379977716558555,-0.8641646363028975,1.0831934340054135
-2.6763501781259365,-1.4522942796093308,0.6586349834263062,0.4363874217522813,0.47303854511917187
1.9966662276045102,-1.9616650814936687,0.965010627060407,-0.9431919675761086,-1.0833014087636639
0.4353311295764341,-0.10674619041015475,0.21552359266951823,-1.0261299644178377,-0.12577564703360866
-0.7034954889748876,0.5875779423514257,-1.2805738709444343,0.6490692451039574,-0.5289722616285539
2.2892614716942927,-1.135805743046673,0.6552945834394251,2.1087521401322173,0.7812203247969748
0.43725425303189713,-2.7459711147861436,-0.27219294379160414,0.1799601059904951,0.025951372773830708
-0.9537842667840516,0.2463956551779452,0.7290505593372322,-0.33487238374831374,1.2169165983791992
-2.1634853142549044,-1.1190576801097838,1.43670862279052,0.10802949660039174,-0.35154108930486594
-3.4015102195145874,-1.9669119830973347,1.422702804533003,0.7002345124855517,-0.64608027479604
-2.6966197259760825,0.4105230354757248,0.07425681225002237,0.19000839209955966,-1.1961506678286555
-2.5415375570836347,-0.5467494717457546,1.4861981280380978,0.18562646992664544,-1.2465318312089395
-1.5736781889446716,0.3026696029600303,3.025710521067583,-0.29243138725508466,-1.823979907567531
-2.967493393901247,-0.22746753203799466,-1.1771914155959646,0.30022487161596156,-0.8159740540737109
-3.1499271093676398,-0.5931952965871354,-0.5513272455324328,0.48231162820670004,-0.44914424827225463
-3.3036820111261953,0.20353636980476783,0.03943789766415037,0.6389631724148844,-0.194358048044342
-2.2375797957078394,0.6051020469969624,0.1973535347550884,-0.03620597891116185,-1.1827468079214423
-2.7415337018216057,1.9047092055733317,0.41306386592682537,0.3458231883351749,-0.45935134062855176
-3.0132314139369183,-1.268642514423111,1.407843475375131,0.5761303638548191,-0.1199349312849
-1.8724802965198952,-0.2483139389500417,1.920321504005058,-0.11159214152099561,-1.1085829402359073
-2.823198068309913,-0.21433681234558957,-1.3103224036494514,0.25622286786612525,-0.5366367438738603
-3.1091667046680196,-1.3304230007242572,0.7538415733148669,0.6068902586115331,0.04307593448467436
-1.8744954943757446,-1.5025241596046577,1.1203310551825503,-0.16951103059098205,-1.116638528722458
-2.4780343324390097,2.085360484102076,0.2717455892616906,0.20602544571872705,-0.4305846468474869
-1.6289619211661739,0.9167164031038806,1.7847961042140605,-0.24446342958071998,-1.1502979837556444
-2.9239974389438617,-1.2391765476164527,0.6297961278666888,0.4981434522304101,0.0003247362433579015
-2.090199799998022,2.8681051720565085,-0.2344963259035903,1.226646420449516,-0.32231452870122174
-2.4737522793215763,-0.2623256052744724,1.0265546167470203,0.24964369902949557,-0.33779277541828523
-2.018190801690271,-1.4833206599235724,2.126464696909862,0.022157231042248867,-0.7254521164422743
-1.5259022577006212,0.5054659930276816,-0.6351524065360227,-0.4648101991087241,-1.2431592632396786
-1.685073418698709,-0.5431449403511647,0.2826785744699269,-0.30451633334426986,-1.0486423301882064
-2.6586526270059725,-1.05433767710821,1.2340675438767454,0.3950548771560295,-0.036596358201561076
-0.5495357059937794,0.7451054725287799,-0.7967669466436876,-1.1086536240891947,-2.188120578715077
-1.9055725595124455,-0.8687791996400445,0.48899052781209346,-0.14965683556367249,-0.8318419051036544
-2.416164765986117,-0.018283339622910302,0.2323608962933061,0.17393240682047229,-0.32105161213083333
-1.6305068852403324,2.0324630909700248,0.3405447754321383,-0.30025839325627435,-0.954740286645459
-1.3881391981514304,0.8431006760796813,-0.7010292655315025,-0.534863260011005,-1.2205879961558297
-1.2157613560081821,1.5249035984558121,0.7651690160591414,-0.5238551765856337,-1.1925519481764015
-0.7071047443648946,1.2229613827241799,0.6454734696462042,-0.8678694902355156,-1.7118931795747905
-2.9306101411923255,-0.8667742133068727,0.019743389466462674,0.5201489996607863,0.39356303521349423
-0.9485500830717393,-0.7940611719738897,-0.28730061642997984,1.7716395474056152,-0.8459377419627429
-1.717921323061553,-0.6420839085834004,0.0549641771118581,1.0190429181560405,-0.4092850322684907
-1.8980404008923482,-0.6774727166847976,-0.20027916155248096,-0.16544227840686576,-0.6145442461985432
-1.1612750736853588,-1.0266195405450944,-0.14796525839437452,-0.6450201395577663,-1.3378177151822503
-0.710276674047618,-0.17426278435275758,-0.4939224129726581,-0.9533170992461496,-1.7629632955909103
-1.9115340504423366,2.7038778386152775,-0.03916875220584928,-0.09791838451565549,-0.4001287003932553
-1.3778325626581966,-1.9181597511097126,2.442950440575379,-0.31551608569195877,-0.9003199725852004
-1.6471168395413869,0.8298165449706929,-1.189850542449266,-0.3846596420213109,-0.8801620741859185
-1.172538040211443,1.675413210487115,-0.018741872344656102,-0.5907125251577529,-1.165964442667896
-1.4227998409942062,1.012873551572248,0.2597931813001629,-0.39554017200624614,-0.7871376323496891
-1.555049017350169,1.5272513109590156,1.218931953932453,-0.2281581218683425,-0.5290087509734729
-1.3990858521637475,-0.49793553062747686,0.17012078635387973,-0.4385763734383123,-0.901872705001492
-1.7400875598937486,1.3059165090217353,0.5899150071265827,-0.15970683314862544,-0.43013102056048935
-2.196678017633633,-0.43042666509452476,1.7751804507432052,0.20522758532246754,0.042120054420259866
-1.8010932897423122,0.3735975285020894,-0.9414418600837994,-0.23160565465125937,-0.44212529962164804
-2.411545414039782,-0.844246349535137,0.8225490941565841,0.2853095929856114,0.26857188490376727
-1.4665654164148907,0.3072508212209824,0.32992442250749704,-0.35133258732788414,-0.6319258314483508
-1.756658482074825,1.4833809405269964,-0.13301716235345692,-0.1826028427243368,-0.3379359635600815
-1.941608411128824,1.6667629923937841,0.0599624020091529,-0.044918989706548625,-0.12909046747479383
-1.3887753606081867,0.8198647062078731,-0.12770571398923805,-0.4303727772554983,-0.7279535051964552
-1.7498998475898127,0.37146648761678885,-0.8318515775439115,-0.2564081146059103,-0.4798314926464573
-1.649537640947508,-0.5927259738312752,-0.6758297386206961,-0.30275174500383617,-0.46837063043813254
-1.8345281409069947,-0.8319968094000125,-0.09905229674750479,-0.14105647060097204,-0.24141293987296022
-1.9270031054339942,-0.7403057834666187,-0.002562514566199853,-0.07221454409207795,-0.13699019183031638
-0.5290311756927272,0.6938361849400088,1.0751436094747793,-0.8776172707015829,-1.290408568852946
-1.0192956880278852,-0.07454465426083548,-0.23056210587088274,1.2511563765506768,-0.47538263860589236
-0.9068950670692363,-2.0563323932528124,2.137413088096722,-0.5872599788037893,-0.9623958434837737
-1.1394719722492648,3.114464049860544,0.9869206234548064,-0.4545901941327213,-0.5798680534610491
-2.026087021651737,-0.255348335406799,-1.4339641547803823,-0.09222322052574139,-0.024403056018618342
-2.051578177752955,-0.584434723204216,0.18599775864184906,0.045485802236515764,0.1556811240536697
-2.2006176129601536,-0.16722103728677964,0.35327024287966763,0.1610347961620433,0.33991076458632297
-2.098453346540303,0.636791458310078,0.28619241009662927,0.10043005491382562,0.2780860395379998
-0.8813835727629705,0.5131787263663161,-0.9364315253081693,-0.7871184261402339,-1.0321735770782594
-1.1182967469836695,-1.065982125630878,1.6448239808735767,-0.45454038476501835,-0.6135490101264937
-1.4897047239414458,-0.5702695718394745,2.0379207506052404,-0.17587482789714837,-0.1866175977717255
-0.9287558759670361,-0.7101705677777592,0.8272581481919203,-0.6362742236876703,-0.864324475977935
-0.9299937991300803,-0.6402957647500751,-0.8810062587999684,-0.7470294340922102,-0.8982607876740812
-1.0967831547509508,-1.1985825809047896,-0.3047268040662234,0.6797056957331095,-0.35672380111851526
-1.0834279897070602,-0.5414016628987157,0.08118207076196167,-0.5713256828284016,-0.6420233195196544
-1.1825323481147825,0.3154016729806185,1.8265374996604584,-0.3598230966267803,-0.3129992508897578
-1.6380584401988982,0.28337299767623986,0.7290548827642228,-0.12933707713837217,0.1506074665801795
-1.9517618013859028,-0.5131893763292412,1.0759140034295083,0.09055854930850238,0.4466074707875669
-0.8531853058245243,1.4506233256538565,0.15592045388279366,-0.6679469629487883,-0.6033926393569243
-0.47206706379218827,-0.46254044259944177,0.33476599684576486,-0.9279554840342115,-1.055643710195881
-0.45018190499308314,-1.1465635102007945,-0.11919194345942122,-0.9867460416896083,-1.1625896305900054
-1.3391758637994,-0.25611795349762057,-0.39783522302304636,-0.418376336418482,-0.28739805655163686
-0.9105581422961705,-0.2648717664570795,0.7819432689533229,-0.6055723313938881,-0.5745216659219299
0.02401152804725341,-0.4161668530902419,-0.9066049957155077,-1.3260499288835585,-1.5200245911823806
-1.0820083834024796,1.1122254753196172,1.0706981936161521,-0.43292773238798443,-0.15944543455361374
-1.4565688373490009,-0.053480566425088076,-0.21441636583995569,-0.3051029619083403,0.0003500882218223844
-0.2515994834198247,-1.9576060818821375,0.9105831612918763,-1.027064813935911,-1.1438688251892268
-0.9910390611827455,0.0485379113472693,-1.0461289270561223,0.6104882118803765,-0.18212835515309353
-1.4773114276719796,0.1011568738055348,-0.9913372550767136,-0.34976331788203896,-0.05442664051310706
-0.40150418243687735,0.8345749485946705,-0.3585426646510878,-0.98986908257834,-0.9832469189132619
0.00871547882974882,0.41179987544140906,0.4402606614317902,0.10092918935955061,-0.8224730609849744
-0.16092421069222598,-0.846723941819606,0.184404563291887,1.4553975271795283,-0.4054240169699439
-1.5803402036828604,0.3973269144983267,-0.8182012299435396,-0.24534388700880172,0.22347516203929838
-0.7285833623073726,0.8870537358283889,2.373395672769015,-0.5447034766329778,-0.22878144941940318
-0.21719492152720468,0.7720832175392487,0.2480879007865273,-1.0434893975144008,-0.9553101390908082
0.497156018689065,1.6256164739333194,-0.137130767173682,1.056540448652756,-0.7952744223500772
-1.3996286838300105,-0.8015364748221931,-0.18969195364210056,-0.31047494253715624,0.1953285053904667
-0.5367779785586838,0.9314064063101887,-0.9770017860854888,-0.9086385761674668,-0.6259225781945583
-0.9560384370915697,-1.1047704376173186,-0.6465775747685819,-0.6383694319189994,-0.2974955446229407
-1.387774372762738,-1.402703701331221,-0.32541080755467905,2.2256149760655295,0.8357217713250262
-0.4451953335063667,0.1400621059117149,-1.1031429421236407,-0.9887717955453769,-0.7707668498429964
0.32057417746792266,-0.3494027584596233,0.9567121171323009,-0.05214442406268816,-0.9651381443608532
-0.9548552977099555,-1.2115031775525238,-2.261254281821107,-0.765831766933171,-0.4773303882318791
-1.218118200169585,0.3682054220722701,0.48425682475074333,-0.3601737388621344,0.15631564656203548
-0.15016900341042613,-0.1834993988251055,0.19650112860492622,-1.0841503832205148,-0.933489940561801
-1.4136572222697221,-0.6031804009892916,-0.9714192003314036,-0.35927377104226194,0.13594944141513463
-1.8308069403840543,-0.6871898206991767,-0.5007184898135492,-0.03281427937669113,0.727653910725558
-1.8308069403840543,-0.6871898206991767,-0.5007184898135492,-0.03281427937669113,0.727653910725558
-1.5454644440703769,-0.6224487139953904,0.34291208907813225,-0.15195485292877764,0.5465849596340268
-0.7923268541859116,-0.749106111135835,0.06679773902659465,-0.6646027585466949,-0.2155094638603721
-2.172365308489729,0.7088976719381165,-0.9025857216369126,0.17711119590196966,1.0897486653643804
-1.3456428995100755,-0.8949818101514802,1.4182341787019652,-0.20215549251306586,0.45435108385431366
-0.17185091709079423,1.3332263446244095,-0.8334292017240931,0.17205902834376802,-0.4467536359524518
-0.4649629283184009,-0.9887036287182697,0.5333485590471915,-0.8444645686605322,-0.49401449956560584
-1.4575647431073104,-0.7589899492609457,-0.819979149064403,-0.2811699253977832,0.4739164667138146
0.44192859845798826,1.856307905839738,-1.3672884213855447,-0.24113918008098428,-0.9228205981961352
-1.622664401313013,-1.4298986120898607,0.12026993067811734,-0.11011700927531243,0.6971171679282375
-1.1376737359160918,-0.23896777925322518,1.2960411678905246,-0.317851135809981,0.4205909693338403
0.6813868342793273,-0.9198022868994401,1.8602734214485555,-1.4656977357005017,-1.308706754005699
-0.7524955893087406,-2.587775889356716,0.8082743775323675,-0.6381601499987356,-0.1306725214304346
-0.2873551947601157,-0.5425543418243775,1.2367760993648642,-0.8792633396380868,-0.42155392515396706
-0.6407764947343384,-0.7788356112169774,2.441509570396905,-0.5393760379519367,0.17904815554497808
-0.9384061131219555,-1.2683392339373647,-1.3042766431130093,-0.6431495787222219,0.03809013185455736
-0.12908778591024497,-0.24046241894858308,0.4076883515528675,1.5402215469611829,0.19669821667289986
0.3681004564041366,-1.080054735416795,0.8318553835577747,-0.6834213579355193,-0.8069620270695199
-1.059922712229366,-1.1064648717709276,0.03094788299242482,-0.4583965649269204,0.3069464510448681
-0.9023183922959935,-0.22507389227858035,0.3140092990991588,-0.5268193092183403,0.23340980764653138
-0.06734498164300069,-1.72656323673914,-0.5866208224019119,-1.1599014265766292,-0.7492780338983206
-1.1047315630057515,-0.5638806833716111,-0.24559467987511843,-0.4233227586452796,0.49402883712643286
-0.47237933655196657,-0.9112377150697016,0.7156409579585977,-0.764517749801101,-0.03122995852895958
-0.5747201818408905,0.7996833871072826,-0.3139390270703791,-0.754449051893147,0.050322395662368395
-0.0568628346215885,-1.3566892620194857,0.1269684240621239,0.8355761184504393,0.005454639389446562
-0.24105152876126867,0.8969252138636026,-1.0456142620361542,-1.026734105892087,-0.3442040088820868
-0.7884984472028428,-3.247188465028278,0.9298236304839405,-0.5744017048316122,0.16904947965097786
-0.4699714265489008,-0.7811218117294318,2.3277469569986438,-0.6392689006961556,0.14614329952471547
-0.8553268001354131,0.7582525907659232,1.1715207250198414,-0.45742501510354316,0.4774712589443819
-0.6968671285098739,-0.068676936895274,-1.1378210244046927,-0.7308630464666995,0.1764685235428608
0.5992124674198636,-0.5146348502377363,0.5860702844255962,1.1169011716495454,-0.21290324669463756
-0.4521730683996145,0.7667850295094679,-0.7829823053833712,-0.8509508834126155,0.024206286881592397
-0.7608965506830706,-0.9659346530132389,-0.5498617837373431,-0.6559203801767662,0.25224273531749525
-0.4128555802760356,2.108618211678336,0.8451076199615525,-0.7318748854885085,0.2337253036716734
-0.9351800963820592,-0.9906354812441267,-0.3766339759849923,-0.5295476999290627,0.4373633840537463
1.4390679481625406,0.2558718362798007,-1.073483405684536,1.734138639260691,-0.8082638675972926
-0.885347828894577,-1.2333922913392499,0.3673465580066974,-0.5075544455586243,0.4557865017931979
-0.5498464942814975,0.24522005071577302,0.9007684594336779,-0.664012928136385,0.27018310461251993
-0.2445296156835217,-0.4106235762092022,-0.5510479507633627,0.3172216724456637,0.27836314044855
-0.7455274617985389,-0.17635259026617714,-0.4735987555888023,-0.6292166993503959,0.4325721238629606
-0.05024476696212412,0.910193880925936,-0.47077643571942984,0.8558780401235201,0.3464784546672036
-0.7059373050774775,0.48557906099360415,0.3201199674424067,-0.5843324800538116,0.5154624484273669
0.050099861116183676,1.6496069098809403,0.419218136824225,-1.0521066857257655,-0.138955065250945
0.22168829708167606,-0.2981676017922135,0.9669930860969903,-1.1477913953248522,-0.35171260981552044
0.7721215573879404,1.6085965929966015,1.3041464417731405,-1.4533095396546454,-0.7420935904711697
0.08930379300034073,-1.5946193219352334,-0.5027718777850252,1.3690667461854615,0.24694834863057494
-1.120360584342543,-0.6621571011017955,-0.924342112731196,-0.42720015024322905,0.7189963388640713
-0.9958388439509053,0.1365018745194813,-0.20959706471109854,-0.44177167130763506,0.7190480130497311
-0.09012829186550021,-0.07177017052472447,-1.1245172730260478,-1.1042458638620907,-0.26288875994027894
0.8454232446389662,-1.1330861610441219,1.544986191228833,-0.23850713033123055,-0.5867129662558596
-0.14992935797205673,1.8492367412705248,2.2368221817168634,-0.7783950533439465,0.25925078079421093
-0.7324168658215641,-0.5072885340059786,-0.5011582703503314,-0.6444027215268646,0.39896518458948305
0.27028511431686236,-1.0918774927385955,0.8837400587814096,-1.1966920687496427,-0.4506777641175508
0.6681120340747794,-0.055187078348220134,0.9649597929005957,-0.15350453262391378,-0.41927241210875077
-0.92677738977323,2.675554210631455,-0.9150760880528518,-0.48666319251795,0.8592302465430918
-0.6061448587941939,2.056647344474831,-0.2974685987202877,-0.6556231887517757,0.582725222567388
-0.5922135491374448,0.1116071751480463,0.24721989059908575,-0.6490410089722803,0.521685579423437
-0.5284000336993235,0.40052701059223034,-0.6084058820040581,-0.7529256645851021,0.3843275821776434
-0.49103693982566554,-0.9069689848441791,0.9059805394798545,-0.6776419739269463,0.43926017504360126
0.0041260222676332385,2.1724393547242635,0.947395402413549,-0.9541323936856178,0.13433448945050028
-1.1673776985467947,1.10888226249211,-0.7428386512167494,-0.33835963659980256,1.0241564787457427
-0.5978835735699902,-0.4682216914640627,-0.5768391124785669,-0.7172015108493709,0.40733711067522516
-0.5379195802916182,0.7548461177370968,-0.5834170752550081,-0.7399531283178595,0.41547293589585754
0.6714514288689506,-0.49764850328722027,-0.021868954584246345,-0.8589259165781952,-0.5830519443807151
-0.8794838858506114,-0.23683969275536543,0.5764801983038912,-0.42158392734774247,0.9587074802689015
0.270439795878989,-1.6302865607104162,-0.6344243582995077,-1.2819538191148616,-0.354764790457463
0.04573380630547622,-1.150702258881453,-0.38875268208157093,-1.1102916917237284,-0.08584083602766106
0.5361912500685357,0.7666901519976933,-0.36172787349688207,-0.1194641341865586,-0.10151840003445785
-1.1382978103377135,-3.5751669403992206,-0.11482609211340675,-0.352655227709455,0.9522304978630308
1.3130131162761731,1.241275358020863,-1.0607677183008337,-0.6521060658442909,-0.7550004184784775
0.8178961899048275,2.405068316970903,-0.5336591248806086,-0.5297572327311255,-0.2280513800547344
0.06603615962601393,0.49144841843480264,0.5242128319345828,-1.0102368539689488,0.22575532968726894
-0.43301075314988813,-0.11366970924343187,0.2496550568550037,-0.6954791728626396,0.7881899340189954
0.43965779029927005,0.017979129276816705,-0.6173793970571639,-1.328113563575157,-0.13827071586690284
-0.5595011875987923,-1.2270168490817135,1.1319749746034062,-0.5600658946106716,0.9438916705197262
0.6628150901175166,-0.7553096099298435,-0.4721155547580754,-1.4724664187489205,-0.3798420556326275
0.4918022732129307,-1.339351471544585,-0.23778052446484813,-0.04988347063180166,0.2717170962364941
0.09161217865909214,1.2043875722194415,0.6440861136760923,-0.9678571620602011,0.5407128264883672
1.0383643438584274,1.664520011815234,-0.6532775246521473,-0.3962517574930691,-0.13576576127029097
0.5880805415313285,-0.9654575626288922,-0.6837000098115585,-1.4232020237490428,-0.1979693181586393
-0.024617993713941706,-0.9401325124649422,0.6667109637893175,-0.9198966979900437,0.538319681175085
-0.20461817162899112,0.12808635589567577,-0.658301276996972,-0.8710833278158817,0.7720262412861845
1.0801109708655414,1.0950684336950374,-0.605560530686728,-0.3875220808684839,0.08604076054290173
0.5511478647526976,1.0145576456230307,-0.9160929312133858,-1.3501824154347142,0.20850838081279452
1.1355537067985615,-1.332811635345816,1.2695733469443014,-1.5726335725606744,-0.1044196090762176
0.6796447468034149,0.8299907171416138,0.6449668356527767,-0.013900248032943213,0.7353043800136422
-1.5920279938474908,0.9619392587690621,-0.24131561191631365,1.417010666611275,-1.4519066247741077
-2.2491487830168553,0.3897695878519803,-1.3205136182713486,1.15189132481398,-0.8523332813294678
-2.5759053235051006,-1.486062934121466,1.7653860317244399,0.31664769697300243,-0.5148498069389708
-2.1198885554493145,0.5440767618841583,-0.9581493004514187,-0.14322565975625812,-0.9912801716303702
-0.682309802129954,0.9252662528576331,-0.21616943823185872,2.848979455921081,-1.0835537387024736
-0.46411175567577667,-0.7639310297659645,0.5070983115177008,0.838216791449694,-1.6886944876845789
-2.665261578696715,-0.6610712549817841,-0.2938238785187424,0.30620427421347196,-0.02843197043250715
-2.1801897714888185,1.3751653527259013,0.11435160367250194,0.05044730490865145,-0.34118255798667374
-1.5382540912157519,-2.7913114595234325,-1.8773228769228838,2.624932246199083,-0.525987071299987
-1.354077711755661,0.19629704656552022,-0.2151621433166154,0.7930582970521819,-0.5991334871932861
-2.219121918199403,1.537119216389898,-0.4725647626154122,0.09237422552206243,0.07421001098083331
-1.0186296050849728,0.017168804862996514,-0.5013092897915085,0.5703668016775115,-0.8187572736003199
0.5660200998215289,0.1330470149901382,0.8803148647135511,0.9703953786888554,-1.5538159124338102
-1.8130854308825415,-0.6975539373404012,-0.6903879541899797,-0.11911305667675542,0.2578054488932455
-1.147551723286354,-1.3138171508036145,-0.7393777265033301,-0.5639053932499423,-0.4222327339182642
-0.2960497345286455,0.8150519823485033,-0.9033287214621587,0.1803432666652661,-0.7946989143919269
-0.4204258083824948,-0.9948731842362127,0.8080483706429819,0.38913008420471223,-0.4462397471417722
1.1375496596895232,-0.6591024858783266,0.28586661178955214,-0.0187426158780758,-1.8101671185045742
-0.7712299841117439,0.36542786275440226,-1.893411292015169,-0.8350759490458551,-0.5289777686667022
0.4636028300225421,0.3135805141690965,-1.1368021680009868,0.9828653032145395,-0.9414402155224331
1.2619225548026458,0.35605836145590625,0.8504560310062745,-0.6625616970818818,-1.845062080677823
-0.046488755870894106,-1.2295860356825203,2.146979037923789,0.286678392601463,-0.38801157454759494
-1.7652533123890923,0.9824977659837936,-0.09118085909624954,-0.020815305003155874,0.7992823748457835
-1.493517346645109,-0.4580163806780508,0.7807868344829161,-0.14950698434604515,0.5523735557670864
-0.2811758004409691,1.175071791171859,0.5011630017544471,-0.9168355112383361,-0.41271870556415224
-0.4386915068847607,0.6983976654835797,1.0400980968161928,-0.779180202648845,-0.22921429649351135
0.6427306066398217,1.5843777677938986,1.6948445162072587,-0.11789703742300112,-0.6592732323419342
0.75008987350375,-0.4870720231086921,-0.4252047733266739,0.9208059381978623,-0.6090128300853482
-0.6678185478028106,-0.5090444801503363,-0.16363313706437446,-0.6602340465078581,0.37276883907462566
0.7065842056587125,-0.4954133610498401,-0.6699372907154895,0.9699391481278133,-0.3058189258199233
1.4059099560589552,-0.987309871256319,0.30680294257930457,1.885688677049428,-0.408306086596939
0.4777888085116487,0.6474362989352554,0.5530574020740832,0.007789172756230528,0.19016843531360902
-0.29474446609673016,-0.6010328853760626,0.09009469665462272,-0.8043877090604886,0.6113450501521326
1.1575984375886066,2.219106360338991,-0.5313958324913873,0.18392859994908345,-0.03261807694447522
-0.016601902533314786,0.10046105766414679,-2.0225410028377038,0.18180106120144607,0.7928482763668956
1.0712152963554546,-0.6337742967913408,0.6171844550621944,-1.5518766223280918,0.06975883980272608
2.539498249108343,1.0490705452944211,-0.8171500629687187,-0.6325466319346364,-0.5945678035567498
-1.9719617896205153,0.039634672551155,-0.6560766166233741,-0.28277101279009087,-1.5608383266393941
-1.8416633158496374,-0.7374857444013198,-0.6870239833930022,1.020639400495204,-0.5186693900090814
-1.980744921715521,1.1552276056498976,-0.8419731849940727,-0.13638600940744705,-0.5037478641213481
0.345769464294411,-0.039189878504486006,0.9215817346697784,1.0544628030360579,-1.7784733125898902
-1.5290696065390297,1.4302005850050923,-0.24862835889380017,-0.3002657262485239,-0.28455341422638214
-0.4119863574936685,-0.5027741722491764,-0.09765504666562531,0.2801790405528908,-0.8124762324009575
-0.7553783448898036,-0.34457029688287233,-0.9284054612962774,-0.82019873610899,-0.7675329314056362
-0.47193634061161,-0.5926287914289171,-0.4182963954082832,-0.9682510016956176,-0.9995171780242141
-0.12893743012927442,0.9766698182226178,-0.35435411820444357,1.4377428429129206,-0.2506487578039991
1.9994341941281006,-1.4183691050448817,0.9030667162922233,1.4004450823325314,-1.9475621193647255
1.9469493391494184,1.680670673269613,0.4400876621890843,-0.4808636348928528,-2.302092264561126
2.147523967165494,2.348601182749801,0.48556638735121155,0.04207446809753545,-2.279321645058793
0.630955043682483,-0.28276611964488024,-0.41146419945117435,0.9621458157863637,-0.7695647991836916
-1.2451437710953375,-1.2006393790641214,-0.13296237624319704,-0.3320375938560108,0.6066916003350777
1.314743770853227,-1.0777714393665532,1.98502820907283,0.09202927247851089,-1.1019287561557474
-0.2736826739408496,-0.013732703377487374,-0.9955698360114921,-0.9941261932708547,-0.21303789119990904
-0.17952254481060662,0.06839999834360141,-0.3782309472701807,0.935563532855659,0.43509553465668793
1.0236260271430384,-0.35252452088802616,-1.0124146694648588,-0.5420014756983932,-0.9897127613758339
0.3355603264832294,-0.11474112791709018,-0.31387918926955743,-0.037363950066627856,-0.23903313633636508
0.09404355419145131,-1.117162047610704,0.25448368751695966,-1.1312948876382654,-0.3496235343160409
0.3641748689903056,-0.929903671369117,0.12364649513470546,1.2480930897190852,0.08538924333874494
0.9461913922631728,0.570171150705924,0.18381265846724745,0.2743407248843976,-0.4180333578350883
0.8816837983365043,-0.7547143708483561,0.8351508377644253,-0.2720004604482324,-0.389107991792856
2.7411193268859466,-0.08495762154476759,-0.07044098209680996,1.040910525693293,-1.3980631887824397
1.4226828750664575,-1.1110419370490363,0.7634308479977734,-1.8753790605043241,-0.9990454979799192
0.8717169336544613,0.5564200135809082,-0.15830687997806872,0.9965871113661339,0.22301600088793336
-0.3431748377939092,-1.5911241751380798,-0.008804861415312615,1.4288254066241612,-1.1548635340278286
-0.7545774268288066,-1.6025718994934153,-0.7217777048944293,0.39944090887424116,-0.8970558096385305
0.8720452427862851,1.2614750472433973,1.114517541855552,2.1063456150655138,-1.2686178950940075
0.8704090877356502,0.8861574273220271,-0.9429055936265508,0.6614297015761452,-1.857313441737635
-0.3051867276320508,1.120220112054679,1.1618065380573817,1.6318996378823127,-0.19861861108250853
-1.3426414793467325,0.5270045365200616,0.960772802642592,-0.26008555722332705,0.1919930113971283
0.6519481936853627,-0.8411926313800933,-0.1445541900545396,0.28097477881681465,-1.2543348611427805
0.4812994185088906,2.243611052124926,-0.6425038172687673,-0.2251920074210651,-1.0060245714757
-0.045603908074816714,-0.08934384015045851,0.5870381455909938,0.1807142784022559,-0.4937822055738744
-0.017253017017080725,-1.7386292237122536,0.6326441422388095,1.464486754973428,0.03143602912034215
0.6944011107027529,2.0581515431080675,-2.1401868170314216,-0.422465043504956,-0.9498981290125941
0.7180961399195204,1.135902142862649,-0.7561957666458107,-0.34314088777429724,-0.8747755281754082
0.9769816029241581,-0.13197825141774136,0.16779289411834272,0.8241885136354523,-0.744786639528429
1.781520329529687,-0.3626669877359951,0.4614096797715352,-1.1572508964050963,-1.9043244614691897
0.06243370795230572,-0.07581877158612421,0.6766022151572727,-1.0837410667447065,-0.36122301336218565
0.804394105212439,0.9138170147525504,-0.5102258308893145,0.2774213766025318,-0.6249425356113045
1.1539134093033454,-0.8482791341251432,-0.1430240374656079,0.07460205245678142,-0.8743863713094093
0.1435167264874682,1.282175034712101,0.3669130912668824,-1.1019299942568976,-0.11060536855635829
1.4920670417607098,1.2419044431201993,1.4929455421832336,0.6709114374704827,-0.5924480268252487
1.886886447676819,-0.19326411182158287,-0.17120368745571782,0.26559562285925753,-1.229193454747392
-0.14749389104390495,1.0451635227817526,-0.47021413812620116,0.3202908604993412,0.5607498526977496
1.2093902831646342,-0.3691118506109744,0.7411560179088438,0.15362877840143663,-0.5191365729382255
2.0406096850090694,-0.19842505714383554,1.743034656265997,0.3340560845910686,-1.028660965588097
1.4869712900587821,-2.1332888189871793,-0.4084117644143281,0.540509870231324,-0.5430421452714129
0.01838598541263862,-1.064251405408232,-0.18613404352891194,-1.0156910931988279,0.3988128888396194
0.62689183524888,0.3880416793387125,0.07309896908428073,-1.371214155777548,-0.08061540449023204
2.901426674002095,0.2333260833893774,1.415434066695337,-0.06514686654896595,-0.5738953671619641
1.8334427967091853,-1.3881871774423489,-0.37715914188195127,-0.7935249528466083,-0.030738021080554206
0.7224214677009808,2.140697914175088,-1.2822003518607306,1.969805219242671,-1.765087691685111
0.35762885053455357,1.1473366181475637,0.32859562170872986,1.0769236545111867,-1.3568640359223945
-0.8688837211840131,0.016911585757523474,0.2931919931674563,-0.6866869352583221,-0.7956242372758829
0.540963222953043,-1.1211096219292482,-1.3339693020488887,0.877689766507417,-1.2591933693471586
1.171232018787802,1.380465367031352,1.7963967501464555,2.026332117093074,-1.0454874435084665
-0.04823995570340608,-0.9804719063866707,-0.848369429584542,-1.222365135091475,-1.0430093680066117
1.0194906031970095,-0.5481785579296262,0.7400326528932683,0.7753203335052311,-1.1790443387366876
-0.06823357924271807,-0.1627218637304581,0.596969372086576,0.018289197573861278,-0.3846545542022344
1.4417571699826384,2.2649737651501636,-0.08981083753665502,1.1356044354505512,-1.202782711828911
0.8742503318083246,0.5867716296176035,0.301914965838658,0.9111936314629079,-0.5923002293463181
2.6635867023377005,1.7230429312836322,0.38770564077410424,0.4110535401699157,-2.0704450167871578
0.537523415954361,0.9501170702453572,-0.9032222413381333,-1.4810432839328895,-0.7882676700233124
1.9615363883768724,2.4693043305118065,1.165795025526918,1.6584473148996335,-0.5194381867190373
0.9119977359886436,-0.2669257941515592,-0.6004879022055427,-0.3564247509137119,-0.2575252061509784
1.3674017203318511,0.589352317078261,-0.6863082733240476,-0.5075227173142162,0.3489219039134764
-2.1554740107154307,0.033089978304457694,-2.0192967463589,0.6275731282527611,-1.285662078371349
-2.3004831513806363,0.24904360614250642,-0.35859890497809604,0.2528943155050992,-0.8432151338301936
-0.9846790604957432,0.007049597127802698,0.04467199819090237,0.3153458508001983,-1.6997343459124536
-1.3277604051966894,-0.019129811476323148,-1.2839620296617165,0.6102065162514483,-1.3265274224701016
-1.2567820799031821,0.33578992298240967,-0.846421467462019,2.949107851524608,-0.4116217287161322
-2.3111568506532767,0.2570003023374102,-0.6078955111125978,0.06425514274019084,-0.3532293694830595
-2.6079145164540143,0.4693557819173073,-0.739067398442409,1.3342603868055487,0.22604659845747377
-1.6250936908124138,9.438503387962518e-05,-0.9030545147179515,-0.4080568377795754,-1.059831999302839
-1.551650347791399,0.17645265232323645,0.6400255827884861,-0.33369828468576107,-0.9557718852769806
-0.13611534906648662,-0.11422157432264611,0.7994970413235013,-0.11936308854078286,-2.011192989905253
-2.327998902646326,0.15690817468269017,-1.6877175041908687,0.030034251217600946,-0.17013465927772944
-1.3444094249220633,0.39896859055573525,0.5036934624535074,1.634040601304774,-0.16674925502696303
-1.2075652409710262,-0.010715064150518799,-1.5296899104647335,0.4361235035863085,-0.6580903224931511
-0.02331746692716104,-0.30894579595784094,0.12337877711588116,-1.2938413177916288,-1.934174288789629
-0.8294448025140496,-0.06725054174308748,-1.9717886994563778,1.012790807811334,-0.700366812009169
-0.6571892449042591,0.12049394976010566,-0.712324612660591,1.6417215694292262,-0.5464844744659102
-0.6577958525895441,0.05771019304278845,0.6458223528882959,-0.17531491524720116,-0.9282204778034271
-1.0869980438233424,0.06142324728479789,-1.0734218052036073,0.4540641725591125,-0.289571264018528
-1.1793422851697637,0.023025924388716357,-1.7299944152763505,0.4826105814066005,-0.1290219838042172
-0.07421355407770121,-0.1764812914026773,-1.3537677346796118,0.6282973633669678,-0.9358932114406413
-1.0179328398420273,-0.10360798514397249,-1.402550130701053,-0.6630538586024856,-0.4082418791949739
0.6672368991663544,-0.17537892036067615,0.9626456591595539,-0.29459220896910626,-1.4329944756649653
-0.5596894299178653,0.14466473490987442,-0.9389486659138975,1.7691373233784455,-0.052547808182661894
0.182177563333378,-0.12094424797787472,1.4185118913611565,-1.2245002388068815,-1.2634199694926702
-0.9854346296152353,-0.04118389695932128,-0.9729545063883517,-0.6300267637637792,-0.24618965686848918
0.6531150589223386,-0.2591168901209746,1.1129745388824999,-1.496244131918712,-1.3254958403912431
-0.4513242834723273,-0.12424538977925202,-1.1795109658546363,-0.3137387073123924,-0.3247271019019491
-1.2875987664541642,0.19681115951906644,-0.14382408841763808,-0.3261210682141084,0.43461047631411354
0.03657140134072074,0.013332326480016476,0.8385552078266095,-0.21618888139944775,-0.5013304816421427
0.09455980467233045,-0.07665887706738944,-0.8301746691875554,0.6604591658048081,-0.31716894915661176
-0.20398966090354206,-0.3716976130315321,-1.9996448373242872,-1.162147659629306,-0.6951220894789903
-0.18719940205230648,-0.27453353956220083,-1.2077785489298154,-1.1103146034169298,-0.6212228486354271
-0.8290733906767396,0.30286394362476254,0.6309806937131164,0.5417785667170969,0.5213660937742813
-1.1071855381868512,0.24492270566581342,0.5394210026035301,-0.36975390292749866,0.48052803224794105
1.2017171764806551,-0.6911813006999308,-1.006230267746052,-2.003105508244085,-1.9605288674314225
-0.18000868389362815,-0.06310265077948057,-2.262332602180465,1.6249133261332498,0.039451859797511056
-0.18616888771844078,-0.14555753499357837,-0.34159730113737335,-1.0220634211410966,-0.37848263822589223
0.7692723469058212,-0.0907108899058787,-0.02487785366636666,0.9448097821839566,-0.5630444216438691
1.1633079898903544,-0.170733506485168,1.5569520345888044,-0.4709743530725858,-1.1272275342493006
0.10898135846815407,-0.45483525810416997,-3.084492823229578,-0.3048969634535995,-0.6662023878790053
0.1201151241205765,-0.36365365438271646,-1.4046947040351692,-1.2865926056029937,-0.6553170346242644
0.22321514408229284,-0.15378220814659352,-0.39054046190747044,-0.37518322317874275,-0.38995582400781664
-0.6624639452086097,-0.16797205124990586,-1.820097030259276,-0.8074985626337269,0.06486308967448824
0.6058358253702291,-0.16368109682310095,1.3359194170764113,-1.3869897537283424,-0.8189729316933286
-0.3781701923612215,-0.13903015876639577,-0.8965387130038532,-0.9202481139662625,-0.10858743885841081
0.48999511090791886,-0.15313671445185081,-0.712462638660684,0.4514825730630553,-0.40179025004620406
0.07228029377079234,-0.02076390147124179,-0.10362679368999095,0.131370839186485,-0.10170553227345856
0.4677488782112188,0.026393845761143214,0.0046424345041222725,1.1646519396518997,-0.11902656436900809
-1.011803729316021,0.17131490689713322,-0.19211032472705078,-0.4295628182732592,0.7381982294572192
1.621440446889496,-0.2612204965831542,-0.7386389598970813,1.65447847083926,-0.832320665296904
0.10560483776819236,0.1060567938077665,0.21055513611053958,0.7964266850707212,0.22547276722539086
-0.23755544532322742,0.09978144359191643,0.7831846856976522,-0.5818883971567422,0.3066296371492877
-1.0264759820516929,0.17192941734625095,-0.47906933904424737,-0.29417120519065604,0.900565457687626
0.4558775139154062,-0.40061992094975585,-1.4976333476943173,-1.0882005624130533,-0.597983583354451
0.9991583097962723,-0.501038997530196,-0.5666867526654014,-1.7548565463319745,-1.1320807023530972
0.2721500171611863,-0.3580672593313711,-1.385012222253784,-1.3238760240673164,-0.3674859642326912
0.7978342460081786,-0.35936326253359036,-1.1414342626419935,-0.5622723823021634,-0.552128488252179
1.1281724295113875,-0.3773905951748249,0.5734702014767605,-1.728611513942769,-0.983605974505586
0.8607696377940309,-0.49246709530153293,-2.0146055096014757,-0.6727205571764169,-0.7135044644182787
0.6299878153083855,-0.3360657806710334,-1.3747574897092083,-0.4709586730845977,-0.41412463802888744
-0.7443520284616817,0.10016467172592326,-0.34837400054989937,-0.5765332611283848,0.7478424111296501
0.7739996118453982,-0.3153378582448413,-1.0490121660609155,-0.34213493801716477,-0.4631612295614231
1.1939485723291265,-0.17427385655935304,0.09084079612729812,0.5002742926565705,-0.45841227689648895
-0.9163005989081335,0.11026385947191648,-1.195271045167409,-0.12596443668373425,1.0722156273340007
0.0933169334651918,-0.05424561897338237,-1.332767809523788,0.6143221728550209,0.46028664532563235
1.3765367841598348,-0.18855715171295315,0.051537939718132,0.6545884319814734,-0.4254422036337907
0.7882561068280857,-0.35655067690973813,-0.2351206770981865,-1.5501362772158382,-0.5975761087454469
2.3269622841888147,-0.4075362367083208,0.7002634930094535,0.08418067979464083,-1.283626178155835
-1.6525540539824397,0.4240659636773611,-1.076103545266006,0.8786061948930599,1.9512488883994026
-0.298362462381479,0.004460901469938222,-0.8695586456484093,-0.22754661412130905,0.7198320809969452
1.0897092674438986,-0.3558759363306913,-0.8499951769690336,-0.4924964120970406,-0.46030579512847875
1.5204665819389394,-0.34771941926530225,1.503374760039356,-1.871101270806676,-0.9724588507209809
0.32036276315072376,0.30983010749518497,0.29761414980116724,2.1756655128117015,1.1433128917737185
0.26787476273565686,-0.3867503589767871,-2.0149123513781015,-1.3104160410857306,-0.0004698478702422149
0.10528230765344519,-0.20872182708558046,-1.0401099062123567,-1.126698967884131,0.2702520474490282
0.5976492811303414,-0.18337704208354266,-0.7387690205015567,-0.2698478969593142,0.1441009030340794
0.9826875890557871,-0.23055726937347032,-0.27811587516756414,-0.3568928596000495,-0.145169285987555
0.6674757705529257,0.030009936463104164,-0.8957803129845238,1.6173949591027266,0.7399191857110105
0.44623432897663134,-0.2636872201862296,-0.8807487060363767,-1.1885885529021287,0.13474239140221783
0.6690441464310364,-0.09516866155456016,-0.2601812948659711,-0.0016945515354074897,0.34523569970236406
1.8363597208283473,-0.6989756506306697,-1.3121037916775578,-1.6189986737748525,-1.1346901680618389
1.758746892000805,-0.4021558280094245,0.7895193671561366,-1.401493355251096,-0.818726962969126
0.7128308125113496,0.04767642678803057,1.8118246580192054,-0.7643868277720299,0.2879947171376327
1.40769749546008,-0.6328542360874969,-1.3745743973524012,-1.9649914732717064,-0.7555749708955259
0.6891020649333838,-0.25469832943993437,-2.0675478538084104,0.37539343516750884,0.4074937158430272
0.7079459858109578,-0.23248584861441368,-1.7266001197344958,0.2617661684828929,0.39209827334795766
0.5605118518668494,-0.3121544839440003,-0.9833765946092433,-1.3796368996222916,0.1200231950675333
0.48918133065537944,-0.22763268791072336,-0.506138491846997,-1.2951052528542264,0.24444955081185157
2.4802111748541975,-0.5836919903678703,-1.428368318225515,0.5376125147178507,-0.9181416491285296
1.2004298787730958,-0.33879249501025704,0.38650193713935616,-1.689667649055428,-0.351304217742583
1.9481618573790207,-0.24267848841069467,0.5105506368256536,0.39782682281812953,-0.3541237832759999
1.1525950484233116,0.004097257901217668,1.6875698474845344,-0.27170420426594943,0.202307284608223
0.25103489307798216,0.009162594553733132,0.6039576316404768,-1.0310087145927624,0.7496199671889962
0.9766013156780332,-0.15917527368814893,-1.0003562361908798,0.5488420401490995,0.4638359150485335
0.33611522161144736,-0.05534479582875768,-0.7256053369088588,-0.10591212004916564,0.8176130176732832
2.1780996134112853,-0.6500785418496233,0.25669744251041887,-2.319451670387588,-1.1801540150341212
1.1437242192072996,-0.11360508087014207,-1.2206472147378298,1.4487767347182436,0.5613474081633167
1.443879201105057,-0.6070834627439818,-2.2598079010162424,-0.9524403094216316,-0.44401089726401044
2.789452857210344,-0.597218969771475,-0.28916270835023933,-0.19586757673359145,-1.1256577184272964
0.38643202268796595,-0.26278571079139307,-2.3366541525060947,-0.24642900473780802,0.7293095863989575
1.1823212537592562,0.04723913400605845,0.5990588943122184,0.9463660866895592,0.6969495329152091
2.693967462055886,-0.5294672793735726,-0.13354279038725805,-0.10083433200825775,-0.8693400135387885
2.1775039921650055,0.07155914810098901,1.1467552556104972,2.520524433748389,0.3923021811684605
0.9775497532399019,-0.38953157739585775,-0.8194196857314073,-1.599079627835408,0.01949064484909998
0.6978507929287932,-0.0221445686078948,-0.03264070797020359,-0.04999331654015685,0.8867357142286557
-0.2699486566479161,0.060387338510711444,-1.9010776413633808,0.5633672222593405,1.6585887720697787
0.8305668449849802,-0.23529912982290754,-1.7212505687939266,0.11424651455870471,0.6713226484839478
0.7995852174944854,-0.4258298702106119,-1.8032028796718746,-1.5202579262283498,0.3715808911977101
2.519345381726058,-0.6965471441976372,-0.7404993435226891,-1.433326061081376,-0.8791599257940956
1.1010923535874864,0.07377800573906415,1.5685703012379284,-0.16660200778378048,0.8188523586196934
1.8070685016098502,-0.2183582604814856,1.1993709557953658,-0.8133866291404495,0.04084873720471253
1.9472142046420133,-0.4995333355899013,0.3206340530350866,-2.082465456916196,-0.3667862865469437
2.4473741019110573,-0.3441820878291706,0.2926644842191796,0.15495784283680447,-0.14412526653453248
1.0576134569247153,-0.1785330654998696,0.4771110286124491,-1.467767861449938,0.6685303468927328
0.9652692155782941,-0.21693038839595116,-0.179461581460294,-1.4392214526024503,0.8290796271070439
1.7905518612579112,-0.09436129979465303,0.5858301070913271,0.3917109265709373,0.7517308089222193
0.8299209951052929,-0.13120881834874296,0.016810815785192362,-1.3148806485461781,1.1291356996568203
1.0397659898555103,-0.06549921802421449,-0.03961298373301836,-0.3287793890183288,1.2316671476852008
1.1393461607523465,-0.45545395103186515,-1.8584791151483275,-1.645896668885921,0.7565328785842507
1.4706312953231062,0.09022385520804042,0.7127388172729593,0.9082173758243705,1.441452643264327
2.7701664873327942,-0.3233535682444225,0.9446065749656419,-0.3966435577117423,0.339794231086041
1.905085360423858,-0.2552226006341555,1.175793194094358,-1.8455833853622192,0.7864425693447366
2.1867284299174563,-0.23300616888699247,0.30961554075498626,-0.40988244364266696,1.021929267459842
2.4882745465797167,0.19754522720419543,-0.26666113703583266,1.3137490336392799,-0.29627106936141756
-0.9455229847409653,-0.7535801619263275,-0.0660035982931846,-0.6752750046967991,-0.8022072768331469
0.6425177331064967,-0.5032827191068828,0.08295180879148417,0.5490852531578343,0.5251220692121059
0.9286376584423534,-0.1844553257123969,0.7631492059682393,1.6016316322176074,-0.030648153956556047
1.1637270852023365,-0.9887360612709605,-1.9730169617776125,-0.09217209125842923,0.5702719658160378
0.8710186233201255,-0.19764526617117767,-1.0381326885545559,-0.3998530057594166,0.836901381018145
1.4451448771884507,-0.4278982271706662,0.36652285615335917,-1.7715837209995642,-0.01820514223517026
0.6887144010792187,-0.008559573634682346,-0.034647255304227034,0.5167069328255064,0.4949663343796592
0.6379404151492812,0.009053508859801471,-0.6384838507155624,1.1437514267075755,0.6549652897879241
0.7028988626245994,0.771254328014321,1.8967302336440999,-0.6133202993903427,0.3810186855281604
-0.6938424837211286,-1.6875238272448694,0.00571740649544656,-0.6063549662207203,0.6397234888122635
1.0708083691184924,-0.21791499193741598,0.036512310464661156,-0.3895914501557383,-0.19569640088830995
0.18828298458303752,-0.16845172595784175,-1.5373666622088369,-0.5180964686068098,0.7459091915812939
0.655970553137203,-0.04073224882829394,0.0023270112692218435,-0.19559743342780647,0.743481742224591
0.017842111526629036,0.0816600443372652,0.0230640424382453,0.25788446439855456,0.5457569875233345
0.8065855769130869,-0.9283936004426392,-1.6014286094279737,-1.5759618829808375,-0.07283407349116904
3.2694714017690836,-2.0238749459619068,1.0513937001453655,0.23721335518016062,-1.2035770680291904
-0.20579550480443312,-0.13885514848078867,-1.405814193654321,1.350933046660753,-0.6378678272525922
1.155250893181347,-0.195480516887702,-0.7275674890611404,0.21711141710152593,0.3929989958757407
0.9285490502353427,-0.21999148997575071,0.7673233341825686,-1.5017739807605583,-0.18607525521258325
0.2530012685538747,-0.12532009434191957,-1.129297403358186,0.03281151955677775,0.32849796798040576
1.5914034827026697,-0.3219306978003279,-1.3778622348275649,0.5420811680224703,0.21500079268946895
0.6968387935319028,-0.27182810360797477,-0.6014234487460874,-1.3981143567129442,0.3197012839761849
1.3595955204540997,-0.08613835902081494,-0.07456297956821853,-0.4397643520104308,1.6384883189023756
0.04711630634852635,0.37811198842648464,0.5885875307847955,2.749439492573599,0.5734999273854255
1.2153232676419095,-0.1407187916082802,-0.3374242182101473,-0.3117037203810567,1.0689071126376959
-0.11162032029941107,0.008801689563547134,0.0862070012737022,0.07076647775323817,-0.2328890686966284
-0.017043754614359297,-1.2435602715355216,0.11555727065529595,-0.3111052957362436,0.774223885755859
0.05437788150581716,-3.412897239288508,-0.6498111371321975,0.7548037272587139,0.27898570929562605
0.10436628303850329,-0.2673693498373808,0.0867935843875384,0.006558293082910787,0.11990269125289182
0.08027739805974247,-0.003581795034413134,0.06523700377258211,0.004175499957977015,0.01120363403367643
2.2010546598591927,-1.936414827555823,-0.9931697638609913,0.41327894554482125,1.4524453867528382
2.0450884446620274,-0.5764493912770536,0.8839454272573867,-0.882096562176658,-0.48731994826501945
0.06991368059155066,0.14685366473171055,0.30519633514976274,0.8474985907996471,0.4161829206219966
0.7952804007814677,-0.2385880409951761,-1.103087003718186,0.8422577379107411,-0.7115994759340233
1.3933677207257216,-0.19789151558135337,0.32237407791550005,-0.4769124347297959,0.24505830343241705
0.6145214310251362,0.9512991696344558,-0.08440393610905632,-0.2217414230981734,0.39625982804110377
0.7973917164234566,-0.06282600973742118,-0.8010937678455835,1.0265211893838215,0.48001181914285096
0.20648776678065509,-0.8643319195619621,0.13009128719839685,-0.004695536981698384,0.425535032864783
1.3968499195854804,-0.10996943841344806,1.0582450992192303,0.11985652445025641,-0.21978362130835374
0.9308135629673983,-0.5314503773470697,-1.7655082919902791,-1.6839752413723954,-0.33244091813629695
-1.9786569362035409,0.31362629772089146,0.3829877663737559,-0.03427327512730861,-0.276474694206552
1.8619565507097693,-0.4992470165449042,-1.06865368509724,-0.3127724608923711,-0.6288965307336387
-1.3759258890843862,-0.15331235171402577,-1.8723171400897503,-0.5873485401372337,-0.9801313600568632
0.4082595151272624,0.8701500006121566,-0.05315110655801965,-0.14629650166600794,0.16201346753185275
1.3885672617897438,-0.5208146015295029,-0.8214610714402452,-1.8681737875445668,-0.38388525852536504
0.7361819551060167,-0.34323532424247516,-0.95208711907604,0.13389041299653276,0.118898765809283
-0.04221987142012331,-0.2561028836294445,-0.7084386998465059,-1.1655631042391257,-0.7064400692427618
1.14363263941021,-0.11655020533491316,-0.23093816583273286,0.8249925492261595,0.06056827879086878
-1.517481999506293,0.2717944924722653,0.758230924895155,-0.2655292736347835,-0.39497421717187564
0.8837407197283398,-0.11699270516211127,-0.9587202331425879,1.4981881940241513,-0.16807526559465372
0.655970553137203,-0.04073224882829394,0.0023270112692218435,-0.19559743342780647,0.743481742224591
1.9553619477412771,-2.4396920817126286,0.45194904329312774,-0.13398681730660167,-0.48284572474931264
0.03159420311029346,-0.1521908438443696,0.05401091568933955,1.5094437998615986,0.7286608085740829
0.054449911326084545,-0.27121243896743696,-0.8523352203617264,-1.1998084091467847,-0.5278745915617167
2.323108647990107,-0.14783545842178106,0.008386974748962911,1.5375863279521556,0.5933375186246311
0.8336717689337262,-0.004338010795652043,1.283121250992744,0.384922497030002,-0.5111463722932562
0.7402081594889387,1.769709888811725,-0.17437871654582632,-0.29921342992108624,0.31010433360688305
0.5920046470174852,-0.03660442062897386,0.00931701043626186,-0.1734004408293861,0.6621175079811561
0.2831950502570481,-0.17535158845621518,-0.3442824169556891,-1.1879085048014033,0.17515575214931137
-0.1874078352871688,-0.48468967109074895,0.14046066118048994,0.11748112256885314,-0.18093839016821345
1.1036757282624736,-0.2809221291265593,-1.8641911707433794,0.7619920049219245,0.20317742274447895
0.8206700967252115,1.7548192038205634,-0.11210094828000639,1.029767017645456,0.19844913063692596
2.267405504979094,-0.1923664351432506,1.7333943519050663,0.8266221432285197,-1.0731042246327196
1.281462721804774,-0.2676170919616977,-0.9258464336406502,0.659470862410917,-0.2988264565230321
2.4307177155442905,-0.25898728757816775,-0.10296107357103722,0.8368292404414721,0.44087779675090377
2.3254065098580567,0.5324650431168177,0.08346972804957149,0.8906106008778055,0.3174756517083789
0.9608808133550658,-0.2942374107803395,-1.3059556958231409,0.1973508446410112,-0.206872169895884
0.7839023653766388,-0.04898790522693412,-0.011652987064858233,-0.2399914186246473,0.906210210711461
0.5765919887647651,-0.5576067728876548,0.059151379188488735,-0.1466693027029654,0.7978940063082693
-1.3586002601640708,-0.1897014608004623,-0.2270277248820754,0.934132604759763,1.5000709033168445
0.8080311678108311,-0.5599426101958406,0.6039041830648997,1.0618477324052544,0.1612152290508975
0.8302105294680034,0.2525482898909746,-0.04480339958236133,-0.2685352947227191,0.8744669803609186
1.10847297735044,-0.44479045834363734,0.24903132084199123,2.0619721539365474,-0.24233622203441946
1.5992502045124282,-0.9720644613199195,-1.390617606767824,-0.5943658609182135,0.9728598378143941
2.4184394922383685,-1.235176490910054,1.5383377732174086,-2.1245718725294087,0.5652151447666826
0.6040114732163897,0.07389153827629526,0.007729423381961309,2.2783457221227854,-0.4737204024418836
0.24710914025911965,2.3446731009220976,-0.1705950083294863,-0.1503506724475026,-0.4787902423550908
1.9826996901363867,-0.8361050807312358,-0.03367563972606406,0.9457110931829179,-0.4471861254709515
1.1159022000300136,0.8287005589871633,0.4838087041011571,-0.27000947871619624,0.5855885217317758
1.758776502033828,-0.6365401117802296,-1.3705183233079776,-0.9715660416812381,-1.1759566869029467
1.7281622667550698,0.07858548993820376,0.8566777882401099,1.8533279392043562,0.26194262653011946
1.3419072097721034,-0.14959117301635955,1.4006693458678718,-1.5805174127824737,0.49507981835983383
1.0835195039278294,1.2456118917441887,-0.14302455112895907,-0.3318278844265174,0.28444659386486454
0.8499159677876114,0.17713657293644408,0.2292367832890541,-0.3026900319499861,0.86937439105943
1.3930065118821975,1.57005334616292,-0.3495912156573355,0.7566877231279198,0.47532745445698443
1.6338013955764523,-0.7857152883166822,0.45414348257028364,0.7501496180176894,1.0648788179811612
-0.1550883908250482,-0.27424120044516526,0.11732428906817767,0.09755974938581842,-0.2030926601655845
2.705497150598493,-0.9866644828174317,0.8551768056141559,1.223398182107146,-0.5939117630649637
0.16541412257806448,0.13014442804872162,0.04309154817539298,-0.031070967373932584,0.07805573681341317
3.0277918072475294,-0.6661373485943143,-0.479746911683319,1.1744620491904498,0.8416676220436413
-0.7676089891389707,-0.40891046470711345,-2.3881522036294074,-1.0462032223103697,-1.7793506897621472
0.6595918114245618,0.06394948771050421,-0.4745111441113852,0.6423442165358745,1.4876500268429327
-0.26260224861377074,-1.2000181223386148,-1.577034697794649,-0.9627742108396656,0.36925524881015315
0.30569118394265027,-1.0596528832011216,0.13667695296414994,-0.031381634904730484,0.6079561857937604
3.010245752361407,0.13013104204311182,0.3833500688899966,-0.257285237187037,-1.082799624681061
-1.4155521481294184,-1.7514847339903241,0.3988310045644416,0.598801700969466,-1.3424557614131563
-0.10369692246946541,0.5385836960022649,-0.8892657782981294,0.21694442664614433,1.2675290706454636
-0.7199085787766031,-0.1028092354825633,-0.7470149827957486,-0.24516836896472782,-1.0262484171928266
1.2005629690033608,0.1508760408556065,0.2147630296621905,2.1873945207269387,0.9934166344257179
0.9516614289753799,-1.156398036110659,0.9997603574777053,-1.3517697255488863,0.917280531688058
1.882764335802583,-0.3252862466781423,0.5840875267780772,-0.11582670319235422,0.1133568721538354
-0.4659721104809949,-0.1949136836967545,-2.1110967444445383,0.2232457499069686,-0.5273695969091569
0.3573243970846908,1.3892402096268726,-2.4905268806949215,-0.01996881217227681,0.884566253174266
0.6108656490089378,-0.5027138162412366,-0.2514337981696242,-0.6576376007569211,0.7461719512172413
0.4062575484642243,0.9607990694650694,-0.8085607509924434,-0.1640098011601302,0.6525271702520365
0.9323478147735471,2.411631244969021,0.09707249724357515,-0.4387141069758505,-1.2082963728480378
0.5177114254879089,-1.1355904369976888,-0.7374478962829641,-0.10268939271466565,0.2043531115184609
-0.3643475069116495,-1.7594180718530164,1.5464774406285433,-0.7219687809680618,0.33934628990903887
-0.5065643830812347,-0.039025760603661135,0.13612791195810559,0.21082033179330603,-0.7134323356235653
1.0456734925488076,1.6555380941948656,-0.1990458803311099,-0.40134444927628393,0.7267718470451117
0.6856694359142141,0.9939376682452654,-0.09653535130105463,-0.24836538751504594,0.4727008911740118
-0.5882594007622899,-2.253554433477037,0.34981446846298486,0.330100036866876,-0.15658635645506122
1.1307388475341456,-0.7350562071119247,0.011665634760003304,-0.33316132063339243,1.5449416278307646
-0.2513737414068867,-0.4805618428914289,0.14745066034753,0.13967811516727352,-0.2623026244116484
0.9601612901210094,1.5193669419637963,-0.176631633089195,-0.365866541222507,0.6601771261332574
-0.1845609318574106,-1.546505239854557,-1.3590552736541364,-1.0612590193213982,-0.13337047697649154
0.6401104994965726,0.2998764839815999,-1.260881913074878,1.1579750929220278,1.033976543461099
1.0068505055467036,-0.44894092896015136,-0.4654712991916306,1.5317925715772456,0.32391236343076557
0.2082092102991782,-0.011837451433053314,0.05125700543850205,-0.04021848523886377,0.1739321025205464
0.5920046470174852,-0.03660442062897386,0.00931701043626186,-0.1734004408293861,0.6621175079811561
2.01918783837209,0.2690510687495796,0.7044892920275917,-0.8447528407652792,1.0944014542177034
0.9548788511697196,-1.1050199564210466,-0.5426684045037549,0.8100918915894674,-0.5646213644724921
-0.13084507752544958,-1.3091228557908878,-1.770736387027656,-1.0849015289867119,0.07166076181564003
0.4659424406442066,-0.8574600689541778,0.09956058251775761,-0.095696993284606,0.7485303842832594
2.267039333166785,-1.1721298771795061,-2.0410347086086844,2.201509066515013,1.6986523610205666
1.3110008314622899,0.5100753842539184,-0.40171538472928625,-0.028977670323680264,-0.9794521404898802
3.1209121483393703,-1.300626317995865,1.8486173256430833,1.185964482270924,0.2468496178491827
0.8569879139081663,1.1837985185369297,-0.007958862032837494,-1.4762128822226062,0.020288338948314853
-0.18538888687359864,0.7903846373807132,0.022612426007736344,0.06454386126590597,-0.5579567128827446
-1.2965638179526309,-0.20053482429034605,0.698767286885115,-0.3003314917551948,0.22388746008008079
1.6950684674353484,-1.298360286009986,-0.1428636191015971,-0.14343247946654114,-0.4125034748991294
0.6687938718410495,0.49873674696799053,-1.1654314561462387,0.5687480030170996,1.2845212260444803
0.767143741514872,-1.42003979646659,0.1167468718025377,-0.17796877296292848,1.2933322575149282
2.0260533104499503,-0.10423621635546193,-1.4452379360524736,0.07754917383127002,-1.49483851115791
0.8065855769130869,-0.9283936004426392,-1.6014286094279737,-1.5759618829808375,-0.07283407349116904
1.1026834352612285,-0.4970967448619562,-0.007051446197748098,-0.3330991871272329,1.4389615380346952
1.2766259066969818,-0.6263960464852407,-0.015167903636472496,-0.38862273537636366,1.6953621685413174
-0.07610229678934707,-1.3210363936116702,1.9464664502611178,0.21372159812739028,0.14757125181435699
0.6772273302403297,-0.6797129899410412,0.7233960018710691,-1.3880763767026778,-0.26160843770149234
3.4538978455167375,1.301711685860727,0.6767593857389765,-0.2671383304935412,0.31258341929904976
0.09651120146461975,-0.7391604461379979,0.13121774547008125,0.028631018669012014,0.2504986366015958
0.3106281989363771,-0.1862201808150817,0.05554075483650174,-0.0688866283492547,0.35414905176214295
1.5819265351847285,0.4265468138108784,-0.7100283067633727,-0.8678713544153981,-0.06685227460487932
-0.049375857698216306,-0.8478206067646817,0.15805128386655698,0.08409243341198318,0.1000780958910431
-0.12478789477649779,-1.338867038271044,0.21203615212861898,0.13057563750573087,0.1517713925515756
0.9521118165383516,0.9246409359559383,0.6389441003945974,1.0311823893095413,0.39494040252830187
0.0181810978061816,-0.8285652715589371,0.14849057668703783,0.05968195490433672,0.17898074457921465
0.7926142151095638,0.889011495911635,1.0043449337058858,1.1227480762268,0.2978609931966719
0.7179888803763348,1.2043861388908488,-0.11967172341336693,-0.2682867606980807,0.4505466211766408
-0.041695872964345425,-1.650861309221388,1.0789827367157248,0.6757944546839583,-1.50688980350667
1.0638260250188405,-0.6922528403430257,-0.529496947648047,-1.4770009917504936,1.1026578151088255
-0.3752961158179905,0.9567026589132205,-1.8626999738022645,0.6402063619777675,-1.7903169693664611
2.0760087461424757,-0.809131103411975,0.8754259084157604,0.8560628906285863,-1.1581184264418645
0.9675093697200335,-0.5572035616554545,-0.5779398761510165,0.8465936199118146,-0.2627957128069063
0.8962165834449243,-1.0002229901668918,0.06314906983846011,-0.2402970112144635,1.3300671158934971
0.8755487003786293,-1.1626245484736175,1.0638739450923982,-0.736681165368363,0.5960418744414909
2.2583690318479976,-1.1137330396278409,1.3785817715975994,-0.16928316105476526,0.8013636291595351
0.9352500797903119,-0.7460558859190293,0.03520634027360253,-0.2643568569289052,1.3033105106557235
0.36224885593094497,0.9911936458368009,-0.05901464745337534,-0.13516693861371798,0.06834130551210053
1.7402782388497318,-1.8225490482756408,-0.29680352396245463,1.7499578605095742,0.16718941030664763
0.9118341776160744,-0.0572435616255743,-0.025632985398938296,-0.284385403821488,1.0689386791983306
2.062085461999338,-1.7661767681503604,1.0179363928599654,1.5436610413535485,-0.7188637888981425
1.2189429811800374,1.1012140230810936,-0.16787959271224975,-0.4392222437577656,1.1088452517899108
-0.255169726709997,-0.92592208257913,0.18896905484518067,0.15924885555710347,-0.1344891004883321
-0.3667581036691133,-0.7327914990762213,1.0398998758040074,1.0364288711524412,-0.14010973134642082
1.3310389896834351,-1.0709219719927454,-1.571137968289955,-1.7765969068184655,0.4251173477478519
1.1543040922557963,0.6803170817899264,-0.12160684848762518,-0.39937949739169615,1.1531537917846528
0.7375162282708451,0.06961081084977593,-0.017247736315488163,-0.22863041485049002,0.8127954305595914
0.7148396040102946,0.901402546908965,-0.4962326659544176,-0.48044378435192403,-0.2066481786122054
0.6852515167716662,-0.045939907711637654,-0.7665858850554972,0.9624811384282638,-0.41510018910095914
-1.8530616653626455,0.3485540240263984,-0.04184322938685229,1.0729688252658351,-0.5234248107879186
1.9041365544353923,-0.6819737513060796,0.07397337922454558,0.506427224234597,0.48142759943497837
1.987707410140084,-0.5298446512041606,-0.47049789311569884,-2.0107494168414806,0.6595813233875522
0.38985742076140156,-1.7735312699510273,0.19282819583740418,-0.03156803542320923,0.9258964551819687
-0.46470371860606813,-0.8386154668361394,-2.163546730681276,-0.8719641997048023,0.5208624306052478
0.9720883057906813,1.1941825928836363,0.008533404984802678,1.0129441329327753,0.6108112392694158
0.44996231952489946,0.3365931004094067,-0.2707895553217053,-1.1837143272208772,0.7700672673195458
1.659174896790944,0.12403151684845545,1.0146669318981505,-0.7114319955006801,-0.7831888732739706
-0.017043754614359297,-1.2435602715355216,0.11555727065529595,-0.3111052957362436,0.774223885755859
0.4169158841631135,0.2447628470366537,-1.2854321286244308,-1.3820198446327647,-0.31950262853586686
0.0006938977688743516,-0.9424333953764104,0.16100905817702055,0.07046088516342194,0.1909678364854077
0.4020552022926035,-0.40076677040807424,-0.8364332876496343,0.7918428645417256,0.014021004753332698
1.118714257394345,-1.2127552891356936,-0.8138199218256674,0.08041922619484965,-0.6442106122945069
0.9901799537420302,-1.138394025539992,-0.8417786883229458,-0.4578515483433953,-0.5501186450581373
0.6892604852988943,1.01732083165033,-0.09910605931353378,-0.25057887342427204,0.4702393056187484
0.9235954968896741,1.919383624045102,-1.6512965720259616,-1.6368973857762377,-0.17977361173281783
0.6772273302403297,-0.6797129899410412,0.7233960018710691,-1.3880763767026778,-0.26160843770149234
3.015221101386474,1.3140934340973665,0.4397402225584804,-0.6608474669804751,0.3917971104928949
0.37528896492533953,0.41097078853897534,0.3575648776061325,-1.005523900912102,1.4892110209080378
0.37998049842240894,0.09596260439664017,-1.8076670622762456,-0.23913769448619576,-0.8621953696387086
2.9944224163140034,0.00412390682150967,0.770350977039951,1.0425872234846705,-0.8274044558439013
1.0355600446384987,1.3224259542960382,0.3347105654817707,0.19829824107670196,-0.7349449501400073
0.563275050294438,-1.6708246766346446,1.666286620798992,-1.1745377840535,0.4710250959936022
-0.33257688768457133,1.586616663991328,-0.1407707804491348,-1.0074897663002451,-0.9853805193081381
-0.4755121048725496,2.35044375490209,-0.07024833700700925,-0.7388614425253909,0.35322570971287076
0.23252423064000202,-2.377365690283393,0.2666566033289019,0.04817959081508922,0.9085334453753836
0.1417510471517949,-0.705691196172365,-1.1660531017787061,-1.2468729371576546,-0.3813060892569353
0.3361410225386139,-0.020093107831693494,0.037277007104421986,-0.08461247043570454,0.3366605710074163
0.789161367377306,-0.07047146589786453,-1.5465490043634962,-1.5486439462362396,-0.0034436955556873894
